{"stats":{"minecraft:used":{"marbledsarsenal:police_baton":5},"minecraft:mined":{"projectvibrantjourneys:twigs":2},"minecraft:dropped":{"minecraft:mutton":7},"minecraft:picked_up":{"minecraft:stick":7,"pointblank:gunmetal_nugget":1,"pointblank:ammo45acp":36,"minecraft:spruce_sapling":1,"minecraft:brown_wool":1,"minecraft:mutton":7,"minecraft:white_wool":7,"minecraft:string":1},"minecraft:custom":{"minecraft:jump":24,"minecraft:damage_dealt":160,"minecraft:time_since_rest":4437,"minecraft:sprint_one_cm":13045,"minecraft:play_time":4437,"minecraft:time_since_death":4437,"minecraft:walk_one_cm":33398,"minecraft:sneak_time":14,"minecraft:total_world_time":4437,"minecraft:mob_kills":2,"minecraft:drop":1,"minecraft:fly_one_cm":2056},"minecraft:killed":{"minecraft:sheep":2}},"DataVersion":3465}