{"stats":{"minecraft:used":{"minecraft:oak_fence":6,"minecraft:stone_sword":123,"minecraft:diamond_hoe":36,"minecraft:chest":6,"minecraft:iron_sword":252,"minecraft:cooked_salmon":2,"minecraft:cooked_chicken":6,"minecraft:oak_door":3,"minecraft:torch":167,"minecraft:dirt":36,"minecraft:oak_fence_gate":1,"minecraft:milk_bucket":1,"minecraft:bookshelf":3,"minecraft:iron_axe":12,"marbledsarsenal:police_baton":42,"better_mob_food:cooked_flesh":2,"minecraft:sweet_berries":10,"minecraft:furnace":3,"minecraft:cooked_beef":5,"minecraft:cobbled_deepslate":17,"minecraft:wheat_seeds":26,"minecraft:cooked_mutton":14,"minecraft:stone_pickaxe":427,"minecraft:oak_planks":13,"minecraft:composter":1,"minecraft:wooden_pickaxe":118,"minecraft:cobblestone_slab":5,"minecraft:golden_apple":3,"minecraft:glow_berries":28,"minecraft:crafting_table":4,"minecraft:white_bed":1,"minecraft:bread":3,"minecraft:iron_pickaxe":1112,"minecraft:stone_axe":126,"minecraft:wooden_sword":7,"minecraft:cobblestone":129,"minecraft:cooked_porkchop":8,"max_armory:diamond_katana":120,"minecraft:andesite":7},"minecraft:dropped":{"minecraft:moss_block":4,"minecraft:porkchop":11,"minecraft:cooked_beef":4,"minecraft:oak_log":42,"minecraft:crafting_table":1,"marbledsarsenal:police_baton":1,"minecraft:lead":4,"minecraft:iron_helmet":1,"minecraft:cobblestone":59,"minecraft:book":88,"minecraft:leather":5,"minecraft:apple":1,"projectvibrantjourneys:orange_bark_mushroom":2,"minecraft:coal":170,"minecraft:stick":10,"minecraft:mutton":14,"projectvibrantjourneys:fallen_leaves":1,"minecraft:iron_leggings":1,"minecraft:wooden_sword":1,"minecraft:string":2,"minecraft:lily_pad":1,"minecraft:bucket":1,"projectvibrantjourneys:bark_mushroom":2,"minecraft:spruce_sapling":4,"marbledsarsenal:cm6m_gas_mask":1,"minecraft:stone_axe":1,"minecraft:bowl":10,"minecraft:cooked_chicken":3,"minecraft:wheat":5,"minecraft:raw_iron":28,"minecraft:chicken":4,"minecraft:rotten_flesh":31,"minecraft:clay_ball":16,"minecraft:oak_planks":29,"minecraft:iron_boots":1,"minecraft:stripped_oak_log":2,"minecraft:stone_slab":1,"psg:raw_potassium":39,"minecraft:salmon":2,"projectvibrantjourneys:sea_oats":8,"pointblank:gunmetal_nugget":5,"minecraft:diamond_sword":1,"minecraft:hay_block":32,"minecraft:gunpowder":3,"minecraft:spruce_planks":26,"minecraft:diamond_pickaxe":1,"minecraft:iron_chestplate":1,"minecraft:oak_sapling":9,"tacz:ammo":12,"projectvibrantjourneys:cattail":3,"minecraft:beef":11,"minecraft:wooden_pickaxe":1,"minecraft:egg":1},"minecraft:mined":{"create:zinc_ore":72,"create:deepslate_zinc_ore":42,"minecraft:tuff":6,"minecraft:spruce_planks":2,"minecraft:white_bed":1,"minecraft:deepslate_diamond_ore":4,"projectvibrantjourneys:rocks":4,"psg:sulphur_ore":24,"minecraft:grass_block":11,"minecraft:composter":1,"minecraft:spruce_leaves":3,"minecraft:red_mushroom":6,"minecraft:moss_block":4,"minecraft:large_fern":2,"minecraft:hay_block":32,"minecraft:tall_seagrass":1,"minecraft:redstone_ore":11,"minecraft:furnace":2,"minecraft:iron_ore":40,"minecraft:cobbled_deepslate":3,"minecraft:andesite":62,"minecraft:pumpkin":18,"minecraft:deepslate_lapis_ore":19,"create:asurine":26,"minecraft:bookshelf":10,"minecraft:dirt_path":2,"minecraft:deepslate_iron_ore":70,"minecraft:stone":685,"create:veridium":2,"create:limestone":1,"projectvibrantjourneys:cattail":4,"minecraft:deepslate_redstone_ore":11,"minecraft:flowering_azalea":1,"minecraft:brown_mushroom":3,"projectvibrantjourneys:sea_oats":8,"psg:potassium_ore":27,"minecraft:clay":10,"psg:deepslate_sulphur_ore":7,"minecraft:crafting_table":4,"minecraft:torch":6,"projectvibrantjourneys:twigs":6,"minecraft:calcite":7,"minecraft:chest":3,"projectvibrantjourneys:mossy_rocks":1,"minecraft:stone_slab":4,"minecraft:copper_ore":88,"minecraft:tall_grass":29,"minecraft:cobblestone":51,"minecraft:lily_pad":1,"minecraft:deepslate_gold_ore":5,"minecraft:lapis_ore":2,"minecraft:oak_planks":7,"minecraft:sugar_cane":4,"minecraft:wall_torch":17,"minecraft:deepslate_copper_ore":11,"ecologics:seashell":2,"k_turrets:deepslate_titanium_ore":6,"minecraft:wheat":7,"minecraft:sweet_berry_bush":1,"minecraft:spruce_log":15,"minecraft:grass":129,"k_turrets:titanium_ore":19,"minecraft:oak_log":131,"minecraft:coal_ore":244,"projectvibrantjourneys:short_grass":49,"minecraft:gravel":2,"minecraft:dirt":20,"minecraft:cobweb":2,"minecraft:gold_ore":10,"create:crimsite":7,"minecraft:oak_leaves":22,"minecraft:deepslate":53,"minecraft:fern":17},"minecraft:killed":{"hordes:zombie_player":4,"minecraft:zombie_horse":1,"minecraft:chicken":16,"minecraft:axolotl":1,"minecraft:drowned":3,"minecraft:pig":6,"alexsmobs:grizzly_bear":1,"minecraft:zombie_villager":1,"minecraft:salmon":4,"minecraft:sheep":25,"minecraft:trader_llama":2,"alexsmobs:gelada_monkey":1,"minecraft:zombie":129,"alexsmobs:fly":2,"minecraft:cow":15},"minecraft:broken":{"minecraft:wooden_pickaxe":2,"minecraft:stone_pickaxe":3,"minecraft:stone_axe":1,"minecraft:iron_sword":1,"minecraft:iron_pickaxe":6},"minecraft:killed_by":{"minecraft:player":4,"hordes:zombie_player":1,"minecraft:zombie":2},"minecraft:custom":{"minecraft:inspect_dropper":1,"minecraft:interact_with_smithing_table":1,"minecraft:mob_kills":213,"minecraft:interact_with_crafting_table":33,"minecraft:open_barrel":6,"minecraft:damage_dealt_resisted":729,"minecraft:leave_game":1,"minecraft:time_since_death":226695,"minecraft:climb_one_cm":1105,"minecraft:sprint_one_cm":1141707,"minecraft:walk_one_cm":1997013,"minecraft:drop":72,"minecraft:talked_to_villager":4,"minecraft:play_time":438395,"minecraft:deaths":7,"minecraft:sneak_time":14673,"minecraft:walk_under_water_one_cm":10938,"minecraft:jump":3564,"minecraft:interact_with_blast_furnace":12,"minecraft:walk_on_water_one_cm":61314,"minecraft:total_world_time":438395,"minecraft:interact_with_furnace":39,"minecraft:interact_with_stonecutter":1,"minecraft:sleep_in_bed":12,"minecraft:time_since_rest":5798,"minecraft:damage_taken":3131,"minecraft:damage_dealt":24601,"minecraft:player_kills":2,"minecraft:swim_one_cm":22968,"minecraft:fly_one_cm":252542,"minecraft:open_chest":256,"minecraft:crouch_one_cm":30399,"minecraft:interact_with_smoker":1,"minecraft:fall_one_cm":23379,"minecraft:inspect_dispenser":1},"minecraft:crafted":{"minecraft:wooden_sword":2,"minecraft:oak_door":3,"minecraft:oak_planks":40,"minecraft:cobblestone_slab":6,"minecraft:diamond_hoe":1,"minecraft:cooked_chicken":7,"minecraft:furnace":1,"minecraft:stone_pickaxe":4,"minecraft:chest":3,"minecraft:lead":8,"minecraft:oak_fence":6,"minecraft:crafting_table":1,"minecraft:spruce_planks":16,"minecraft:wooden_pickaxe":2,"better_mob_food:cooked_flesh":2,"minecraft:birch_planks":12,"minecraft:stone_axe":1,"minecraft:oak_fence_gate":1,"minecraft:stick":48,"minecraft:iron_pickaxe":2,"minecraft:torch":136},"minecraft:picked_up":{"minecraft:lead":9,"minecraft:iron_chestplate":1,"minecraft:crafting_table":6,"minecraft:wheat":5,"minecraft:chicken":14,"minecraft:clay_ball":24,"minecraft:brown_mushroom":3,"ecologics:seashell":2,"minecraft:stone_slab":6,"minecraft:diamond_sword":1,"minecraft:wooden_pickaxe":1,"marbledsarsenal:swat_armor_chestplate":1,"minecraft:iron_axe":1,"minecraft:string":16,"minecraft:raw_copper":342,"create:limestone":1,"minecraft:wooden_sword":1,"minecraft:iron_leggings":1,"tacz:ammo":629,"minecraft:cobbled_deepslate":159,"minecraft:spruce_planks":27,"minecraft:beef":34,"minecraft:cobblestone_slab":2,"minecraft:calcite":7,"marbledsarsenal:hazmat_armor_chestplate":1,"minecraft:iron_pickaxe":7,"minecraft:sugar_cane":14,"minecraft:chest":3,"minecraft:birch_sapling":1,"minecraft:egg":3,"minecraft:phantom_membrane":2,"minecraft:iron_boots":1,"minecraft:furnace":3,"minecraft:stick":64,"minecraft:raw_iron":111,"marbledsarsenal:police_baton":4,"minecraft:oak_door":2,"minecraft:composter":1,"projectvibrantjourneys:bark_mushroom":12,"minecraft:torch":42,"minecraft:porkchop":13,"pointblank:gunmetal_nugget":166,"psg:sulphur":147,"minecraft:redstone":103,"pointblank:ammo45acp":286,"pointblank:m1911a1":3,"minecraft:stone_sword":3,"minecraft:rotten_flesh":98,"k_turrets:raw_titanium":25,"minecraft:hay_block":32,"create:asurine":26,"create:veridium":2,"projectvibrantjourneys:cattail":3,"minecraft:mutton":56,"minecraft:white_wool":51,"minecraft:cobblestone":928,"minecraft:stripped_oak_log":2,"minecraft:birch_log":3,"minecraft:clock":2,"minecraft:feather":21,"minecraft:cooked_beef":9,"minecraft:salmon":3,"minecraft:andesite":106,"projectvibrantjourneys:fallen_leaves":1,"minecraft:brown_wool":3,"minecraft:leather":18,"minecraft:red_mushroom":6,"alexsmobs:bear_fur":2,"minecraft:birch_planks":8,"marbledsarsenal:swat_armor_boots":1,"create:raw_zinc":114,"minecraft:tuff":6,"overworld_netherite_ore:ancientdebrispiece":5,"minecraft:oak_log":188,"max_armory:diamond_katana":1,"minecraft:lily_pad":1,"minecraft:gunpowder":11,"minecraft:lapis_lazuli":125,"projectvibrantjourneys:sea_oats":16,"marbledsarsenal:cm6m_gas_mask":2,"minecraft:dirt":70,"marbledsarsenal:helmet_cm6m_gas_mask":4,"minecraft:cooked_mutton":12,"minecraft:leather_boots":2,"minecraft:bone":16,"minecraft:apple":1,"minecraft:wheat_seeds":34,"minecraft:raw_gold":15,"minecraft:iron_ingot":6,"minecraft:stone_pickaxe":2,"minecraft:moss_block":4,"minecraft:iron_sword":1,"minecraft:oak_planks":43,"minecraft:flowering_azalea":3,"minecraft:book":74,"projectvibrantjourneys:light_brown_bark_mushroom":11,"minecraft:milk_bucket":2,"minecraft:cooked_porkchop":7,"marbledsarsenal:swat_armor_leggings":1,"minecraft:pumpkin":22,"minecraft:sweet_berries":19,"psg:raw_potassium":92,"minecraft:gravel":10,"minecraft:spruce_sapling":12,"overworld_netherite_ore:large_ancient_shard":3,"minecraft:white_bed":1,"minecraft:spruce_log":37,"minecraft:spider_eye":3,"alexsmobs:animal_dictionary":2,"create:crimsite":7,"minecraft:slime_ball":3,"minecraft:diamond":6,"minecraft:stone_axe":3,"tacz:modern_kinetic_gun":4,"minecraft:iron_helmet":1,"minecraft:golden_apple":4,"minecraft:gray_wool":1,"minecraft:bread":12,"alexsmobs:maggot":2,"projectvibrantjourneys:orange_bark_mushroom":3,"minecraft:oak_sapling":21,"minecraft:black_wool":4,"minecraft:coal":243,"minecraft:diamond_pickaxe":2}},"DataVersion":3465}