{"stats":{"minecraft:crafted":{"minecraft:oak_planks":228,"minecraft:cobblestone_slab":12,"minecraft:cooked_chicken":7,"minecraft:cobblestone_stairs":4,"minecraft:cooked_mutton":22,"psg:potassium":33,"minecraft:chest":7,"minecraft:oak_fence":150,"minecraft:crafting_table":1,"minecraft:spruce_planks":16,"minecraft:wooden_pickaxe":2,"minecraft:copper_ingot":110,"minecraft:birch_planks":12,"minecraft:diamond_pickaxe":2,"minecraft:stick":152,"minecraft:iron_ingot":157,"minecraft:iron_pickaxe":2,"minecraft:gold_ingot":7,"minecraft:wooden_sword":2,"minecraft:oak_door":3,"minecraft:diamond_hoe":1,"minecraft:furnace":1,"minecraft:flint_and_steel":1,"minecraft:stone_pickaxe":4,"minecraft:cobblestone_wall":6,"minecraft:lead":8,"minecraft:coal_block":70,"better_mob_food:cooked_flesh":2,"minecraft:stone_axe":1,"minecraft:oak_fence_gate":4,"minecraft:golden_apple":7,"minecraft:torch":176},"minecraft:dropped":{"minecraft:moss_block":4,"minecraft:porkchop":11,"minecraft:cooked_beef":4,"minecraft:oak_log":110,"minecraft:crafting_table":1,"minecraft:leather":5,"projectvibrantjourneys:orange_bark_mushroom":2,"minecraft:mutton":14,"projectvibrantjourneys:fallen_leaves":1,"usefulbackpacks:backpack_small":1,"minecraft:wooden_sword":1,"projectvibrantjourneys:bark_mushroom":2,"minecraft:gravel":4,"usefulbackpacks:backpack_large":1,"minecraft:stone_axe":1,"minecraft:cooked_chicken":3,"minecraft:cobbled_deepslate":1,"minecraft:wheat":5,"minecraft:rotten_flesh":796,"minecraft:oak_planks":29,"psg:raw_potassium":39,"minecraft:salmon":2,"projectvibrantjourneys:sea_oats":8,"minecraft:gunpowder":3,"minecraft:azalea":2,"projectvibrantjourneys:cattail":4,"minecraft:beef":11,"pointblank:grenade40mm":2,"minecraft:egg":1,"minecraft:iron_ingot":11,"marbledsarsenal:police_baton":1,"minecraft:iron_helmet":1,"minecraft:cobblestone":59,"minecraft:lead":4,"minecraft:book":88,"minecraft:apple":2,"minecraft:copper_ingot":46,"minecraft:coal":170,"minecraft:golden_apple":4,"minecraft:stick":10,"minecraft:torch":1,"minecraft:iron_leggings":1,"tacz:modern_kinetic_gun":1,"minecraft:flowering_azalea":1,"minecraft:string":2,"max_armory:diamond_long_sword":1,"minecraft:lily_pad":1,"minecraft:bucket":3,"create:raw_zinc":30,"minecraft:spruce_sapling":4,"minecraft:smooth_basalt":11,"marbledsarsenal:cm6m_gas_mask":1,"alexsmobs:maggot":3,"minecraft:smooth_stone_slab":1,"minecraft:bowl":10,"minecraft:tuff":4,"minecraft:raw_iron":28,"minecraft:chicken":4,"minecraft:clay_ball":16,"minecraft:iron_boots":1,"minecraft:stripped_oak_log":2,"minecraft:stone_slab":1,"pointblank:gunmetal_nugget":5,"minecraft:diamond_sword":1,"minecraft:hay_block":32,"minecraft:spruce_planks":26,"minecraft:iron_chestplate":1,"minecraft:diamond_pickaxe":1,"minecraft:andesite":3,"minecraft:oak_sapling":9,"minecraft:spider_eye":5,"tacz:ammo":483,"minecraft:wooden_pickaxe":1},"minecraft:used":{"minecraft:diamond_hoe":36,"minecraft:chest":10,"minecraft:iron_sword":252,"minecraft:carrot":23,"minecraft:tuff":4,"minecraft:milk_bucket":1,"minecraft:lava_bucket":11,"marbledsarsenal:police_baton":42,"minecraft:item_frame":4,"minecraft:sweet_berries":10,"minecraft:oak_sapling":5,"minecraft:furnace":3,"minecraft:egg":35,"max_armory:diamond_long_sword":12,"minecraft:spruce_door":1,"minecraft:stone_pickaxe":459,"minecraft:oak_planks":13,"minecraft:wooden_pickaxe":118,"minecraft:composter":1,"minecraft:golden_apple":8,"minecraft:glow_berries":28,"minecraft:bread":40,"minecraft:wooden_sword":22,"minecraft:andesite":7,"max_armory:diamond_halberd":418,"minecraft:oak_fence":162,"minecraft:stone_sword":123,"minecraft:flint_and_steel":1,"minecraft:cooked_salmon":2,"minecraft:cooked_chicken":6,"minecraft:oak_door":3,"minecraft:torch":223,"minecraft:dirt":65,"minecraft:cobblestone_wall":4,"minecraft:oak_fence_gate":5,"alexsmobs:maggot":2,"minecraft:bookshelf":3,"minecraft:iron_axe":80,"better_mob_food:cooked_flesh":2,"minecraft:cooked_beef":17,"minecraft:cobbled_deepslate":20,"minecraft:wheat_seeds":75,"minecraft:cooked_mutton":30,"minecraft:cobblestone_stairs":4,"minecraft:cobblestone_slab":10,"minecraft:crafting_table":5,"minecraft:white_bed":2,"minecraft:oak_log":1,"minecraft:diamond_pickaxe":1577,"minecraft:iron_pickaxe":1112,"minecraft:stone_slab":2,"minecraft:stone_axe":126,"minecraft:cobblestone":279,"minecraft:cobbled_deepslate_slab":5,"minecraft:cooked_porkchop":8,"max_armory:diamond_katana":626,"minecraft:bucket":11},"minecraft:custom":{"minecraft:animals_bred":134,"minecraft:interact_with_crafting_table":65,"minecraft:open_barrel":6,"minecraft:leave_game":3,"minecraft:time_since_death":219070,"minecraft:sprint_one_cm":1958311,"minecraft:drop":133,"minecraft:talked_to_villager":4,"minecraft:play_time":821571,"minecraft:deaths":8,"minecraft:jump":6787,"minecraft:walk_on_water_one_cm":95309,"minecraft:enchant_item":3,"minecraft:interact_with_furnace":51,"minecraft:sleep_in_bed":23,"minecraft:damage_dealt":71352,"minecraft:player_kills":3,"minecraft:crouch_one_cm":78836,"minecraft:interact_with_smoker":15,"minecraft:inspect_dispenser":1,"minecraft:interact_with_smithing_table":1,"minecraft:inspect_dropper":1,"minecraft:mob_kills":470,"minecraft:interact_with_anvil":5,"minecraft:damage_dealt_resisted":1556,"minecraft:climb_one_cm":1189,"minecraft:walk_one_cm":3799743,"minecraft:sneak_time":42678,"minecraft:walk_under_water_one_cm":37270,"minecraft:interact_with_blast_furnace":79,"minecraft:total_world_time":821571,"minecraft:interact_with_stonecutter":1,"minecraft:time_since_rest":101795,"minecraft:damage_taken":5581,"minecraft:swim_one_cm":55566,"minecraft:fly_one_cm":462603,"minecraft:open_chest":589,"minecraft:fall_one_cm":59391},"minecraft:killed_by":{"alexsmobs:crocodile":1,"minecraft:zombie":2,"minecraft:player":4,"hordes:zombie_player":1},"minecraft:broken":{"minecraft:stone_pickaxe":3,"marbledsarsenal:helmet_cm6m_gas_mask":1,"minecraft:stone_axe":1,"minecraft:iron_sword":1,"minecraft:wooden_pickaxe":2,"minecraft:iron_pickaxe":6},"minecraft:mined":{"create:deepslate_zinc_ore":51,"minecraft:spruce_planks":3,"minecraft:white_bed":2,"minecraft:grass_block":19,"minecraft:composter":1,"minecraft:smooth_stone":5,"minecraft:tall_seagrass":8,"minecraft:iron_ore":123,"minecraft:cobbled_deepslate":5,"minecraft:pumpkin":18,"minecraft:deepslate_lapis_ore":23,"create:asurine":26,"minecraft:dirt_path":2,"create:veridium":2,"create:limestone":1,"projectvibrantjourneys:cattail":8,"minecraft:deepslate_redstone_ore":11,"minecraft:brown_mushroom":3,"projectvibrantjourneys:sea_oats":8,"minecraft:clay":10,"minecraft:torch":15,"projectvibrantjourneys:twigs":8,"minecraft:calcite":7,"minecraft:chest":4,"projectvibrantjourneys:natural_cobweb":1,"minecraft:cobblestone":69,"projectvibrantjourneys:fallen_leaves":1,"minecraft:sugar_cane":7,"minecraft:oak_planks":9,"minecraft:wall_torch":27,"minecraft:amethyst_block":1,"minecraft:deepslate_copper_ore":11,"minecraft:seagrass":5,"ecologics:seashell":2,"minecraft:wheat":57,"projectvibrantjourneys:bones":11,"minecraft:grass":222,"minecraft:oak_log":183,"projectvibrantjourneys:short_grass":104,"minecraft:oak_fence_gate":1,"minecraft:dirt":74,"minecraft:smooth_basalt":12,"create:crimsite":7,"minecraft:oak_leaves":26,"minecraft:deepslate":58,"create:zinc_ore":88,"minecraft:tuff":13,"minecraft:deepslate_diamond_ore":9,"projectvibrantjourneys:rocks":7,"psg:sulphur_ore":48,"minecraft:cobbled_deepslate_slab":2,"minecraft:birch_slab":2,"minecraft:spruce_leaves":3,"minecraft:moss_block":4,"minecraft:red_mushroom":6,"minecraft:large_fern":6,"minecraft:hay_block":39,"minecraft:redstone_ore":13,"minecraft:furnace":2,"minecraft:carrots":20,"minecraft:andesite":72,"minecraft:bookshelf":10,"minecraft:deepslate_iron_ore":79,"minecraft:stone":1427,"minecraft:flowering_azalea":1,"psg:potassium_ore":59,"psg:deepslate_sulphur_ore":8,"minecraft:oak_fence":13,"minecraft:crafting_table":5,"projectvibrantjourneys:mossy_rocks":1,"minecraft:stone_slab":11,"minecraft:tall_grass":43,"minecraft:copper_ore":149,"minecraft:lapis_ore":9,"minecraft:deepslate_gold_ore":9,"minecraft:lily_pad":1,"minecraft:cobblestone_wall":1,"k_turrets:deepslate_titanium_ore":6,"minecraft:sweet_berry_bush":1,"minecraft:spruce_log":15,"k_turrets:titanium_ore":23,"minecraft:coal_ore":739,"minecraft:gravel":7,"minecraft:cobweb":2,"minecraft:gold_ore":17,"minecraft:fern":26},"minecraft:picked_up":{"minecraft:iron_chestplate":1,"minecraft:wheat":53,"minecraft:stone_slab":13,"minecraft:lead":49,"minecraft:diamond_sword":1,"minecraft:enchanted_book":1,"marbledsarsenal:swat_armor_chestplate":2,"minecraft:string":25,"minecraft:raw_copper":707,"create:limestone":1,"minecraft:smooth_stone_slab":1,"minecraft:iron_leggings":1,"minecraft:smooth_stone":5,"minecraft:cobbled_deepslate":167,"minecraft:bucket":2,"minecraft:spruce_planks":28,"minecraft:cobblestone_slab":2,"marbledsarsenal:hazmat_armor_chestplate":1,"minecraft:calcite":7,"minecraft:azalea":2,"minecraft:iron_pickaxe":8,"alexsmobs:raccoon_tail":1,"minecraft:iron_boots":1,"minecraft:furnace":3,"max_armory:diamond_long_sword":1,"minecraft:stick":73,"marbledsarsenal:police_baton":4,"minecraft:composter":1,"minecraft:oak_fence":13,"minecraft:torch":62,"minecraft:porkchop":17,"psg:sulphur":303,"mutantmonsters:hulk_hammer":1,"pointblank:ammo45acp":286,"pointblank:m1911a1":4,"minecraft:stone_sword":3,"minecraft:rotten_flesh":648,"create:asurine":26,"create:veridium":2,"projectvibrantjourneys:cattail":10,"minecraft:cobblestone":1723,"minecraft:birch_log":3,"minecraft:feather":23,"minecraft:cooked_beef":9,"minecraft:birch_slab":1,"minecraft:andesite":115,"projectvibrantjourneys:fallen_leaves":2,"minecraft:brown_wool":3,"alexsmobs:bear_fur":4,"create:raw_zinc":154,"minecraft:flint":1,"minecraft:tuff":12,"max_armory:diamond_katana":2,"minecraft:lapis_lazuli":204,"minecraft:dirt":132,"minecraft:leather_boots":2,"minecraft:bone":41,"max_armory:diamond_halberd":2,"minecraft:wheat_seeds":197,"minecraft:raw_gold":33,"minecraft:cobbled_deepslate_slab":6,"pointblank:grenade40mm":6,"minecraft:moss_block":4,"minecraft:oak_planks":45,"minecraft:cooked_porkchop":7,"psg:raw_potassium":207,"overworld_netherite_ore:large_ancient_shard":3,"alexsmobs:animal_dictionary":2,"create:crimsite":7,"minecraft:diamond":14,"minecraft:golden_apple":6,"minecraft:bread":21,"alexsmobs:maggot":7,"minecraft:oak_sapling":32,"minecraft:diamond_pickaxe":4,"minecraft:crafting_table":7,"minecraft:chicken":15,"minecraft:clay_ball":24,"minecraft:brown_mushroom":3,"ecologics:seashell":2,"minecraft:wooden_pickaxe":2,"minecraft:cornflower":1,"minecraft:wooden_sword":3,"minecraft:iron_axe":2,"tacz:ammo":1380,"minecraft:iron_shovel":2,"usefulbackpacks:backpack_small":1,"minecraft:beef":34,"minecraft:sugar_cane":19,"minecraft:chest":5,"minecraft:birch_sapling":1,"minecraft:phantom_membrane":6,"minecraft:egg":47,"minecraft:raw_iron":259,"minecraft:oak_door":4,"projectvibrantjourneys:bark_mushroom":12,"pointblank:gunmetal_nugget":398,"minecraft:carrot":53,"minecraft:redstone":112,"k_turrets:raw_titanium":32,"minecraft:hay_block":39,"minecraft:mutton":56,"minecraft:white_wool":51,"minecraft:stripped_oak_log":2,"minecraft:clock":3,"minecraft:salmon":3,"minecraft:leather":18,"minecraft:red_mushroom":6,"minecraft:birch_planks":8,"marbledsarsenal:swat_armor_boots":2,"minecraft:oak_log":273,"overworld_netherite_ore:ancientdebrispiece":5,"minecraft:lily_pad":1,"minecraft:gunpowder":42,"minecraft:cobblestone_wall":1,"projectvibrantjourneys:sea_oats":16,"marbledsarsenal:cm6m_gas_mask":2,"marbledsarsenal:helmet_cm6m_gas_mask":4,"minecraft:cooked_mutton":12,"minecraft:apple":6,"minecraft:oak_fence_gate":1,"minecraft:iron_ingot":7,"minecraft:stone_pickaxe":3,"minecraft:iron_sword":3,"minecraft:flowering_azalea":4,"minecraft:book":74,"projectvibrantjourneys:light_brown_bark_mushroom":12,"minecraft:smooth_basalt":11,"minecraft:milk_bucket":2,"marbledsarsenal:swat_armor_leggings":2,"minecraft:pumpkin":22,"minecraft:sweet_berries":19,"minecraft:gravel":15,"minecraft:spruce_sapling":12,"minecraft:white_bed":2,"minecraft:spruce_log":37,"minecraft:spruce_door":1,"minecraft:spider_eye":15,"usefulbackpacks:backpack_large":2,"minecraft:slime_ball":9,"minecraft:stone_axe":3,"tacz:modern_kinetic_gun":8,"minecraft:iron_helmet":1,"minecraft:gray_wool":1,"projectvibrantjourneys:orange_bark_mushroom":3,"minecraft:black_wool":4,"minecraft:coal":1066,"minecraft:ender_pearl":4},"minecraft:killed":{"minecraft:zombie_horse":2,"minecraft:chicken":17,"minecraft:axolotl":1,"minecraft:pig":7,"alexsmobs:grizzly_bear":2,"minecraft:zombie_villager":3,"minecraft:salmon":4,"minecraft:sheep":25,"minecraft:trader_llama":2,"minecraft:pillager":1,"minecraft:zombie":332,"alexsmobs:fly":7,"minecraft:cow":29,"hordes:zombie_player":7,"alexsmobs:raccoon":2,"minecraft:drowned":5,"minecraft:husk":16,"alexsmobs:gelada_monkey":1,"alexsmobs:crocodile":1,"mutantmonsters:mutant_zombie":2}},"DataVersion":3465}