{"stats":{"minecraft:used":{"minecraft:cooked_mutton":2,"minecraft:stone_sword":1,"minecraft:stone_pickaxe":80,"minecraft:chest":3,"minecraft:wooden_pickaxe":97,"minecraft:oak_door":1,"minecraft:dirt":2,"minecraft:crafting_table":2,"minecraft:bread":1,"marbledsarsenal:police_baton":42,"minecraft:stone_axe":39,"minecraft:wooden_sword":7,"minecraft:cobblestone":5,"minecraft:furnace":3},"minecraft:mined":{"projectvibrantjourneys:cattail":1,"minecraft:crafting_table":2,"projectvibrantjourneys:twigs":4,"minecraft:grass_block":10,"minecraft:chest":2,"projectvibrantjourneys:mossy_rocks":1,"minecraft:stone_slab":2,"minecraft:copper_ore":9,"minecraft:cobblestone":1,"minecraft:spruce_leaves":3,"minecraft:sugar_cane":1,"minecraft:furnace":2,"minecraft:iron_ore":1,"minecraft:spruce_log":15,"k_turrets:titanium_ore":3,"minecraft:grass":5,"minecraft:coal_ore":21,"minecraft:oak_log":29,"projectvibrantjourneys:short_grass":1,"minecraft:dirt":6,"minecraft:stone":132,"minecraft:fern":2},"minecraft:dropped":{"marbledsarsenal:police_baton":1,"minecraft:stick":10,"minecraft:mutton":7,"minecraft:wooden_sword":1,"minecraft:wooden_pickaxe":1},"minecraft:picked_up":{"minecraft:birch_log":3,"minecraft:crafting_table":2,"minecraft:feather":4,"minecraft:chicken":6,"minecraft:brown_wool":3,"minecraft:stone_slab":2,"minecraft:wooden_pickaxe":1,"minecraft:birch_planks":8,"minecraft:oak_log":44,"minecraft:lily_pad":1,"minecraft:gunpowder":4,"marbledsarsenal:cm6m_gas_mask":2,"minecraft:string":4,"minecraft:dirt":16,"minecraft:raw_copper":27,"minecraft:wooden_sword":1,"minecraft:cooked_mutton":9,"minecraft:leather_boots":2,"minecraft:wheat_seeds":1,"minecraft:stone_pickaxe":2,"minecraft:sugar_cane":8,"minecraft:chest":2,"minecraft:furnace":3,"projectvibrantjourneys:light_brown_bark_mushroom":11,"minecraft:stick":42,"minecraft:raw_iron":1,"marbledsarsenal:police_baton":3,"projectvibrantjourneys:bark_mushroom":5,"pointblank:gunmetal_nugget":12,"minecraft:spruce_sapling":12,"minecraft:spruce_log":37,"alexsmobs:animal_dictionary":2,"pointblank:m1911a1":2,"pointblank:ammo45acp":222,"minecraft:stone_sword":1,"minecraft:rotten_flesh":12,"k_turrets:raw_titanium":3,"projectvibrantjourneys:cattail":1,"minecraft:bread":12,"projectvibrantjourneys:orange_bark_mushroom":2,"minecraft:black_wool":4,"minecraft:mutton":28,"minecraft:coal":21,"minecraft:white_wool":35,"minecraft:cobblestone":223},"minecraft:broken":{"minecraft:wooden_pickaxe":1},"minecraft:crafted":{"minecraft:wooden_sword":2,"minecraft:oak_door":3,"minecraft:oak_planks":16,"minecraft:spruce_planks":16,"minecraft:wooden_pickaxe":2,"minecraft:furnace":1,"minecraft:stone_axe":1,"minecraft:stick":12,"minecraft:stone_pickaxe":3,"minecraft:chest":1},"minecraft:killed_by":{"minecraft:zombie":1,"hordes:zombie_player":1},"minecraft:custom":{"minecraft:interact_with_furnace":3,"minecraft:mob_kills":19,"minecraft:interact_with_crafting_table":14,"minecraft:damage_dealt_resisted":24,"minecraft:time_since_death":40851,"minecraft:sleep_in_bed":1,"minecraft:climb_one_cm":52,"minecraft:time_since_rest":12925,"minecraft:sprint_one_cm":173316,"minecraft:damage_taken":537,"minecraft:walk_one_cm":252879,"minecraft:drop":5,"minecraft:damage_dealt":2067,"minecraft:swim_one_cm":7970,"minecraft:fly_one_cm":41763,"minecraft:open_chest":15,"minecraft:crouch_one_cm":5509,"minecraft:play_time":52437,"minecraft:deaths":2,"minecraft:sneak_time":2817,"minecraft:walk_under_water_one_cm":5730,"minecraft:jump":453,"minecraft:walk_on_water_one_cm":18993,"minecraft:total_world_time":52437,"minecraft:fall_one_cm":5033},"minecraft:killed":{"hordes:zombie_player":1,"minecraft:sheep":6,"minecraft:zombie":4,"minecraft:chicken":6}},"DataVersion":3465}