{"stats":{"minecraft:used":{"minecraft:bread":1,"minecraft:stone_pickaxe":21,"minecraft:wooden_pickaxe":29,"marbledsarsenal:police_baton":42,"minecraft:stone_axe":15,"minecraft:crafting_table":1,"minecraft:furnace":1},"minecraft:mined":{"projectvibrantjourneys:cattail":1,"minecraft:furnace":1,"minecraft:spruce_log":15,"minecraft:crafting_table":1,"minecraft:oak_log":15,"minecraft:grass":3,"projectvibrantjourneys:twigs":4,"minecraft:grass_block":5,"minecraft:coal_ore":1,"minecraft:dirt":1,"minecraft:spruce_leaves":3,"minecraft:stone":43,"minecraft:sugar_cane":1,"minecraft:fern":2},"minecraft:dropped":{"minecraft:mutton":7,"marbledsarsenal:police_baton":1,"minecraft:wooden_sword":1,"minecraft:wooden_pickaxe":1},"minecraft:picked_up":{"minecraft:birch_log":3,"projectvibrantjourneys:light_brown_bark_mushroom":8,"minecraft:stick":22,"minecraft:crafting_table":1,"marbledsarsenal:police_baton":2,"minecraft:brown_wool":2,"projectvibrantjourneys:bark_mushroom":3,"pointblank:gunmetal_nugget":2,"minecraft:oak_log":10,"minecraft:lily_pad":1,"minecraft:spruce_sapling":8,"minecraft:spruce_log":26,"minecraft:gunpowder":2,"minecraft:dirt":4,"marbledsarsenal:cm6m_gas_mask":1,"minecraft:string":3,"alexsmobs:animal_dictionary":1,"pointblank:ammo45acp":158,"pointblank:m1911a1":2,"minecraft:leather_boots":1,"minecraft:rotten_flesh":6,"minecraft:stone_pickaxe":2,"projectvibrantjourneys:cattail":1,"minecraft:bread":8,"minecraft:sugar_cane":6,"minecraft:black_wool":2,"minecraft:mutton":23,"minecraft:coal":1,"minecraft:white_wool":22,"minecraft:cobblestone":64,"minecraft:furnace":1},"minecraft:crafted":{"minecraft:wooden_sword":2,"minecraft:stick":8,"minecraft:spruce_planks":16,"minecraft:wooden_pickaxe":2,"minecraft:furnace":1,"minecraft:stone_axe":1},"minecraft:killed_by":{"hordes:zombie_player":1,"minecraft:zombie":1},"minecraft:custom":{"minecraft:time_since_rest":16881,"minecraft:interact_with_furnace":1,"minecraft:sprint_one_cm":101464,"minecraft:damage_taken":518,"minecraft:walk_one_cm":141846,"minecraft:mob_kills":13,"minecraft:drop":4,"minecraft:damage_dealt":1599,"minecraft:interact_with_crafting_table":8,"minecraft:swim_one_cm":5119,"minecraft:fly_one_cm":26101,"minecraft:crouch_one_cm":2822,"minecraft:play_time":28437,"minecraft:deaths":2,"minecraft:sneak_time":2042,"minecraft:walk_under_water_one_cm":4609,"minecraft:jump":233,"minecraft:damage_dealt_resisted":24,"minecraft:walk_on_water_one_cm":17655,"minecraft:time_since_death":16851,"minecraft:total_world_time":28437,"minecraft:fall_one_cm":3450},"minecraft:killed":{"minecraft:sheep":6,"minecraft:zombie":4,"hordes:zombie_player":1}},"DataVersion":3465}