{"stats":{"minecraft:used":{"minecraft:stone_sword":104,"minecraft:chest":6,"minecraft:cooked_chicken":5,"minecraft:oak_door":2,"minecraft:torch":125,"minecraft:dirt":10,"marbledsarsenal:police_baton":42,"better_mob_food:cooked_flesh":2,"minecraft:furnace":3,"minecraft:cooked_beef":3,"minecraft:cobbled_deepslate":3,"minecraft:cooked_mutton":7,"minecraft:stone_pickaxe":416,"minecraft:oak_planks":6,"minecraft:wooden_pickaxe":118,"minecraft:cobblestone_slab":5,"minecraft:crafting_table":2,"minecraft:white_bed":1,"minecraft:bread":1,"minecraft:iron_pickaxe":605,"minecraft:stone_axe":107,"minecraft:wooden_sword":7,"minecraft:cobblestone":71,"minecraft:cooked_porkchop":5,"minecraft:andesite":2},"minecraft:mined":{"create:zinc_ore":67,"create:deepslate_zinc_ore":33,"minecraft:tuff":6,"minecraft:white_bed":1,"minecraft:spruce_planks":2,"minecraft:deepslate_diamond_ore":4,"projectvibrantjourneys:rocks":4,"psg:sulphur_ore":21,"minecraft:grass_block":10,"minecraft:spruce_leaves":3,"minecraft:moss_block":4,"minecraft:redstone_ore":11,"minecraft:furnace":2,"minecraft:iron_ore":37,"minecraft:cobbled_deepslate":3,"minecraft:andesite":61,"minecraft:pumpkin":2,"minecraft:deepslate_lapis_ore":13,"create:asurine":26,"minecraft:deepslate_iron_ore":33,"minecraft:stone":455,"create:veridium":2,"create:limestone":1,"projectvibrantjourneys:cattail":1,"minecraft:deepslate_redstone_ore":11,"minecraft:flowering_azalea":1,"projectvibrantjourneys:sea_oats":8,"psg:potassium_ore":27,"psg:deepslate_sulphur_ore":6,"minecraft:crafting_table":2,"minecraft:clay":7,"minecraft:torch":1,"projectvibrantjourneys:twigs":4,"minecraft:calcite":7,"minecraft:chest":3,"projectvibrantjourneys:mossy_rocks":1,"minecraft:stone_slab":2,"minecraft:tall_grass":1,"minecraft:copper_ore":82,"minecraft:cobblestone":18,"minecraft:lapis_ore":2,"minecraft:oak_planks":7,"minecraft:sugar_cane":1,"minecraft:wall_torch":6,"minecraft:deepslate_copper_ore":8,"ecologics:seashell":2,"minecraft:spruce_log":15,"minecraft:grass":5,"k_turrets:titanium_ore":15,"minecraft:oak_log":97,"minecraft:coal_ore":102,"projectvibrantjourneys:short_grass":5,"minecraft:gravel":2,"minecraft:dirt":15,"minecraft:gold_ore":10,"create:crimsite":7,"minecraft:oak_leaves":7,"minecraft:deepslate":41,"minecraft:fern":2},"minecraft:dropped":{"minecraft:moss_block":4,"minecraft:porkchop":11,"minecraft:oak_log":2,"marbledsarsenal:police_baton":1,"minecraft:crafting_table":1,"minecraft:iron_helmet":1,"minecraft:leather":3,"minecraft:apple":1,"projectvibrantjourneys:orange_bark_mushroom":2,"minecraft:coal":52,"minecraft:stick":10,"minecraft:mutton":13,"minecraft:iron_leggings":1,"minecraft:wooden_sword":1,"minecraft:lily_pad":1,"minecraft:spruce_sapling":4,"marbledsarsenal:cm6m_gas_mask":1,"minecraft:cooked_chicken":3,"minecraft:raw_iron":27,"minecraft:chicken":3,"minecraft:clay_ball":16,"minecraft:iron_boots":1,"pointblank:gunmetal_nugget":5,"minecraft:diamond_sword":1,"minecraft:spruce_planks":26,"minecraft:iron_chestplate":1,"minecraft:diamond_pickaxe":1,"minecraft:oak_sapling":9,"minecraft:wooden_pickaxe":1,"minecraft:beef":8,"projectvibrantjourneys:cattail":1},"minecraft:picked_up":{"minecraft:iron_chestplate":1,"minecraft:crafting_table":4,"minecraft:chicken":8,"minecraft:clay_ball":24,"minecraft:diamond_sword":1,"minecraft:stone_slab":4,"ecologics:seashell":2,"minecraft:wooden_pickaxe":1,"minecraft:string":9,"minecraft:raw_copper":306,"create:limestone":1,"minecraft:wooden_sword":1,"minecraft:iron_leggings":1,"tacz:ammo":374,"minecraft:cobbled_deepslate":147,"minecraft:spruce_planks":27,"minecraft:beef":13,"marbledsarsenal:hazmat_armor_chestplate":1,"minecraft:cobblestone_slab":2,"minecraft:calcite":7,"minecraft:iron_pickaxe":7,"minecraft:sugar_cane":8,"minecraft:chest":3,"minecraft:iron_boots":1,"minecraft:furnace":3,"minecraft:stick":58,"minecraft:raw_iron":70,"marbledsarsenal:police_baton":4,"minecraft:oak_door":2,"projectvibrantjourneys:bark_mushroom":12,"minecraft:torch":25,"minecraft:porkchop":4,"pointblank:gunmetal_nugget":38,"psg:sulphur":127,"minecraft:redstone":103,"pointblank:ammo45acp":286,"pointblank:m1911a1":3,"minecraft:stone_sword":3,"minecraft:rotten_flesh":31,"k_turrets:raw_titanium":15,"create:asurine":26,"create:veridium":2,"projectvibrantjourneys:cattail":1,"minecraft:mutton":34,"minecraft:white_wool":38,"minecraft:cobblestone":682,"minecraft:birch_log":3,"minecraft:clock":2,"minecraft:feather":11,"minecraft:andesite":105,"minecraft:brown_wool":3,"minecraft:leather":5,"minecraft:birch_planks":8,"overworld_netherite_ore:ancientdebrispiece":1,"minecraft:tuff":6,"create:raw_zinc":100,"minecraft:oak_log":154,"minecraft:lily_pad":1,"minecraft:gunpowder":6,"projectvibrantjourneys:sea_oats":16,"marbledsarsenal:cm6m_gas_mask":2,"minecraft:lapis_lazuli":96,"minecraft:dirt":40,"marbledsarsenal:helmet_cm6m_gas_mask":4,"minecraft:leather_boots":2,"minecraft:cooked_mutton":12,"minecraft:bone":13,"minecraft:apple":1,"minecraft:wheat_seeds":5,"minecraft:raw_gold":10,"minecraft:iron_ingot":6,"minecraft:stone_pickaxe":2,"minecraft:moss_block":4,"minecraft:iron_sword":1,"minecraft:oak_planks":43,"minecraft:flowering_azalea":3,"projectvibrantjourneys:light_brown_bark_mushroom":11,"minecraft:milk_bucket":2,"minecraft:cooked_porkchop":7,"minecraft:pumpkin":4,"psg:raw_potassium":53,"minecraft:gravel":10,"minecraft:spruce_sapling":12,"overworld_netherite_ore:large_ancient_shard":1,"minecraft:white_bed":1,"minecraft:spruce_log":37,"minecraft:spider_eye":2,"alexsmobs:animal_dictionary":2,"create:crimsite":7,"minecraft:diamond":4,"minecraft:stone_axe":3,"tacz:modern_kinetic_gun":3,"minecraft:iron_helmet":1,"minecraft:golden_apple":2,"minecraft:gray_wool":1,"minecraft:bread":12,"minecraft:oak_sapling":18,"projectvibrantjourneys:orange_bark_mushroom":2,"minecraft:black_wool":4,"minecraft:coal":100,"minecraft:diamond_pickaxe":1},"minecraft:broken":{"minecraft:wooden_pickaxe":2,"minecraft:stone_pickaxe":3,"minecraft:iron_pickaxe":2},"minecraft:crafted":{"minecraft:wooden_sword":2,"minecraft:oak_door":3,"minecraft:oak_planks":20,"minecraft:cobblestone_slab":6,"minecraft:cooked_chicken":6,"minecraft:furnace":1,"minecraft:stone_pickaxe":3,"minecraft:chest":3,"minecraft:spruce_planks":16,"minecraft:wooden_pickaxe":2,"better_mob_food:cooked_flesh":2,"minecraft:birch_planks":12,"minecraft:stone_axe":1,"minecraft:stick":40,"minecraft:iron_pickaxe":2,"minecraft:torch":116},"minecraft:killed_by":{"minecraft:player":4,"hordes:zombie_player":1,"minecraft:zombie":2},"minecraft:custom":{"minecraft:mob_kills":48,"minecraft:interact_with_crafting_table":25,"minecraft:damage_dealt_resisted":180,"minecraft:time_since_death":14737,"minecraft:climb_one_cm":478,"minecraft:sprint_one_cm":592086,"minecraft:walk_one_cm":941519,"minecraft:drop":35,"minecraft:play_time":226437,"minecraft:deaths":7,"minecraft:sneak_time":5147,"minecraft:walk_under_water_one_cm":6558,"minecraft:jump":2134,"minecraft:interact_with_blast_furnace":2,"minecraft:walk_on_water_one_cm":42377,"minecraft:total_world_time":226437,"minecraft:interact_with_furnace":17,"minecraft:sleep_in_bed":4,"minecraft:time_since_rest":14766,"minecraft:damage_taken":2724,"minecraft:damage_dealt":5473,"minecraft:swim_one_cm":8415,"minecraft:player_kills":2,"minecraft:fly_one_cm":142984,"minecraft:open_chest":93,"minecraft:crouch_one_cm":13692,"minecraft:fall_one_cm":14196},"minecraft:killed":{"hordes:zombie_player":4,"minecraft:chicken":8,"minecraft:axolotl":1,"minecraft:pig":2,"minecraft:sheep":11,"minecraft:zombie":16,"minecraft:cow":4}},"DataVersion":3465}