{"stats":{"minecraft:used":{"minecraft:stone_sword":123,"minecraft:chest":6,"minecraft:iron_sword":197,"minecraft:cooked_chicken":5,"minecraft:oak_door":2,"minecraft:torch":140,"minecraft:dirt":10,"marbledsarsenal:police_baton":42,"better_mob_food:cooked_flesh":2,"minecraft:furnace":3,"minecraft:cooked_beef":3,"minecraft:cobbled_deepslate":17,"minecraft:cooked_mutton":7,"minecraft:stone_pickaxe":416,"minecraft:oak_planks":8,"minecraft:wooden_pickaxe":118,"minecraft:cobblestone_slab":5,"minecraft:glow_berries":24,"minecraft:crafting_table":2,"minecraft:white_bed":1,"minecraft:bread":1,"minecraft:iron_pickaxe":835,"minecraft:stone_axe":107,"minecraft:wooden_sword":7,"minecraft:cobblestone":97,"minecraft:cooked_porkchop":8,"minecraft:andesite":7},"minecraft:mined":{"create:zinc_ore":72,"create:deepslate_zinc_ore":42,"minecraft:tuff":6,"minecraft:white_bed":1,"minecraft:spruce_planks":2,"minecraft:deepslate_diamond_ore":4,"projectvibrantjourneys:rocks":4,"psg:sulphur_ore":24,"minecraft:grass_block":11,"minecraft:spruce_leaves":3,"minecraft:moss_block":4,"minecraft:redstone_ore":11,"minecraft:furnace":2,"minecraft:iron_ore":38,"minecraft:cobbled_deepslate":3,"minecraft:andesite":62,"minecraft:pumpkin":2,"minecraft:deepslate_lapis_ore":19,"create:asurine":26,"minecraft:deepslate_iron_ore":70,"minecraft:stone":468,"create:veridium":2,"create:limestone":1,"projectvibrantjourneys:cattail":1,"minecraft:deepslate_redstone_ore":11,"minecraft:flowering_azalea":1,"projectvibrantjourneys:sea_oats":8,"psg:potassium_ore":27,"psg:deepslate_sulphur_ore":7,"minecraft:crafting_table":2,"minecraft:clay":10,"minecraft:torch":3,"projectvibrantjourneys:twigs":4,"minecraft:calcite":7,"minecraft:chest":3,"projectvibrantjourneys:mossy_rocks":1,"minecraft:stone_slab":2,"minecraft:tall_grass":1,"minecraft:copper_ore":82,"minecraft:cobblestone":26,"minecraft:deepslate_gold_ore":5,"minecraft:lapis_ore":2,"minecraft:oak_planks":7,"minecraft:sugar_cane":1,"minecraft:wall_torch":6,"minecraft:deepslate_copper_ore":11,"ecologics:seashell":2,"k_turrets:deepslate_titanium_ore":6,"minecraft:spruce_log":15,"minecraft:grass":5,"k_turrets:titanium_ore":15,"minecraft:oak_log":97,"minecraft:coal_ore":212,"projectvibrantjourneys:short_grass":5,"minecraft:gravel":2,"minecraft:dirt":15,"minecraft:gold_ore":10,"create:crimsite":7,"minecraft:oak_leaves":7,"minecraft:deepslate":53,"minecraft:fern":2},"minecraft:dropped":{"minecraft:moss_block":4,"minecraft:porkchop":11,"minecraft:oak_log":2,"marbledsarsenal:police_baton":1,"minecraft:crafting_table":1,"minecraft:iron_helmet":1,"minecraft:cobblestone":59,"minecraft:leather":5,"minecraft:apple":1,"projectvibrantjourneys:orange_bark_mushroom":2,"minecraft:coal":159,"minecraft:stick":10,"minecraft:mutton":14,"minecraft:iron_leggings":1,"minecraft:wooden_sword":1,"minecraft:string":2,"minecraft:lily_pad":1,"projectvibrantjourneys:bark_mushroom":2,"minecraft:spruce_sapling":4,"marbledsarsenal:cm6m_gas_mask":1,"minecraft:cooked_chicken":3,"minecraft:raw_iron":28,"minecraft:chicken":3,"minecraft:rotten_flesh":31,"minecraft:clay_ball":16,"minecraft:iron_boots":1,"projectvibrantjourneys:sea_oats":8,"pointblank:gunmetal_nugget":5,"minecraft:diamond_sword":1,"minecraft:spruce_planks":26,"minecraft:iron_chestplate":1,"minecraft:diamond_pickaxe":1,"minecraft:oak_sapling":9,"minecraft:wooden_pickaxe":1,"minecraft:beef":11,"projectvibrantjourneys:cattail":1},"minecraft:picked_up":{"minecraft:iron_chestplate":1,"minecraft:crafting_table":4,"minecraft:chicken":8,"minecraft:clay_ball":24,"minecraft:diamond_sword":1,"minecraft:stone_slab":4,"ecologics:seashell":2,"minecraft:wooden_pickaxe":1,"marbledsarsenal:swat_armor_chestplate":1,"minecraft:string":10,"minecraft:raw_copper":318,"create:limestone":1,"minecraft:wooden_sword":1,"minecraft:iron_leggings":1,"tacz:ammo":386,"minecraft:cobbled_deepslate":159,"minecraft:spruce_planks":27,"minecraft:beef":16,"marbledsarsenal:hazmat_armor_chestplate":1,"minecraft:cobblestone_slab":2,"minecraft:calcite":7,"minecraft:iron_pickaxe":7,"minecraft:sugar_cane":8,"minecraft:chest":3,"minecraft:phantom_membrane":1,"minecraft:iron_boots":1,"minecraft:furnace":3,"minecraft:stick":58,"minecraft:raw_iron":109,"marbledsarsenal:police_baton":4,"minecraft:oak_door":2,"projectvibrantjourneys:bark_mushroom":12,"minecraft:torch":27,"minecraft:porkchop":4,"pointblank:gunmetal_nugget":89,"psg:sulphur":147,"minecraft:redstone":103,"pointblank:ammo45acp":286,"pointblank:m1911a1":3,"minecraft:stone_sword":3,"minecraft:rotten_flesh":61,"k_turrets:raw_titanium":21,"create:asurine":26,"create:veridium":2,"projectvibrantjourneys:cattail":1,"minecraft:mutton":35,"minecraft:white_wool":39,"minecraft:cobblestone":705,"minecraft:birch_log":3,"minecraft:clock":2,"minecraft:feather":11,"minecraft:andesite":106,"minecraft:brown_wool":3,"minecraft:leather":7,"minecraft:birch_planks":8,"overworld_netherite_ore:ancientdebrispiece":5,"minecraft:tuff":6,"create:raw_zinc":114,"minecraft:oak_log":154,"minecraft:lily_pad":1,"minecraft:gunpowder":9,"projectvibrantjourneys:sea_oats":16,"marbledsarsenal:cm6m_gas_mask":2,"minecraft:lapis_lazuli":125,"minecraft:dirt":41,"marbledsarsenal:helmet_cm6m_gas_mask":4,"minecraft:leather_boots":2,"minecraft:cooked_mutton":12,"minecraft:bone":14,"minecraft:apple":1,"minecraft:wheat_seeds":5,"minecraft:raw_gold":15,"minecraft:iron_ingot":6,"minecraft:stone_pickaxe":2,"minecraft:moss_block":4,"minecraft:iron_sword":1,"minecraft:oak_planks":43,"minecraft:flowering_azalea":3,"projectvibrantjourneys:light_brown_bark_mushroom":11,"minecraft:milk_bucket":2,"minecraft:cooked_porkchop":7,"minecraft:pumpkin":4,"psg:raw_potassium":53,"minecraft:gravel":10,"minecraft:spruce_sapling":12,"overworld_netherite_ore:large_ancient_shard":3,"minecraft:white_bed":1,"minecraft:spruce_log":37,"minecraft:spider_eye":2,"alexsmobs:animal_dictionary":2,"create:crimsite":7,"minecraft:slime_ball":1,"minecraft:diamond":4,"minecraft:stone_axe":3,"tacz:modern_kinetic_gun":4,"minecraft:iron_helmet":1,"minecraft:golden_apple":2,"minecraft:gray_wool":1,"minecraft:bread":12,"minecraft:oak_sapling":18,"projectvibrantjourneys:orange_bark_mushroom":2,"minecraft:black_wool":4,"minecraft:coal":212,"minecraft:diamond_pickaxe":1},"minecraft:broken":{"minecraft:wooden_pickaxe":2,"minecraft:stone_pickaxe":3,"minecraft:iron_sword":1,"minecraft:iron_pickaxe":3},"minecraft:crafted":{"minecraft:wooden_sword":2,"minecraft:oak_door":3,"minecraft:oak_planks":20,"minecraft:cobblestone_slab":6,"minecraft:cooked_chicken":6,"minecraft:furnace":1,"minecraft:stone_pickaxe":3,"minecraft:chest":3,"minecraft:spruce_planks":16,"minecraft:wooden_pickaxe":2,"better_mob_food:cooked_flesh":2,"minecraft:birch_planks":12,"minecraft:stone_axe":1,"minecraft:stick":40,"minecraft:iron_pickaxe":2,"minecraft:torch":136},"minecraft:killed_by":{"minecraft:player":4,"hordes:zombie_player":1,"minecraft:zombie":2},"minecraft:custom":{"minecraft:mob_kills":121,"minecraft:interact_with_crafting_table":25,"minecraft:open_barrel":4,"minecraft:damage_dealt_resisted":281,"minecraft:time_since_death":62737,"minecraft:climb_one_cm":478,"minecraft:sprint_one_cm":746717,"minecraft:walk_one_cm":1120617,"minecraft:drop":48,"minecraft:play_time":274437,"minecraft:deaths":7,"minecraft:sneak_time":10166,"minecraft:walk_under_water_one_cm":6558,"minecraft:jump":2616,"minecraft:interact_with_blast_furnace":3,"minecraft:walk_on_water_one_cm":42814,"minecraft:total_world_time":274437,"minecraft:interact_with_furnace":18,"minecraft:sleep_in_bed":5,"minecraft:time_since_rest":14985,"minecraft:damage_taken":2860,"minecraft:damage_dealt":16827,"minecraft:swim_one_cm":8415,"minecraft:player_kills":2,"minecraft:fly_one_cm":179218,"minecraft:open_chest":99,"minecraft:crouch_one_cm":19586,"minecraft:fall_one_cm":19820},"minecraft:killed":{"hordes:zombie_player":4,"minecraft:chicken":8,"minecraft:axolotl":1,"minecraft:drowned":3,"minecraft:pig":2,"minecraft:zombie_villager":1,"minecraft:sheep":12,"minecraft:zombie":81,"alexsmobs:fly":1,"minecraft:cow":6}},"DataVersion":3465}