{"stats":{"minecraft:used":{"minecraft:stone_sword":90,"minecraft:chest":6,"minecraft:cooked_chicken":5,"minecraft:oak_door":2,"minecraft:torch":125,"minecraft:dirt":10,"marbledsarsenal:police_baton":42,"better_mob_food:cooked_flesh":2,"minecraft:furnace":3,"minecraft:cooked_beef":3,"minecraft:cobbled_deepslate":3,"minecraft:cooked_mutton":6,"minecraft:stone_pickaxe":416,"minecraft:oak_planks":6,"minecraft:wooden_pickaxe":118,"minecraft:cobblestone_slab":5,"minecraft:crafting_table":2,"minecraft:white_bed":1,"minecraft:bread":1,"minecraft:iron_pickaxe":539,"minecraft:stone_axe":107,"minecraft:wooden_sword":7,"minecraft:cobblestone":71,"minecraft:cooked_porkchop":5,"minecraft:andesite":2},"minecraft:mined":{"create:zinc_ore":57,"create:deepslate_zinc_ore":24,"minecraft:tuff":6,"minecraft:white_bed":1,"minecraft:spruce_planks":1,"minecraft:deepslate_diamond_ore":4,"projectvibrantjourneys:rocks":3,"psg:sulphur_ore":21,"minecraft:grass_block":10,"minecraft:spruce_leaves":3,"minecraft:moss_block":4,"minecraft:redstone_ore":8,"minecraft:furnace":2,"minecraft:iron_ore":37,"minecraft:cobbled_deepslate":3,"minecraft:andesite":57,"minecraft:pumpkin":2,"minecraft:deepslate_lapis_ore":8,"create:asurine":26,"minecraft:deepslate_iron_ore":33,"minecraft:stone":455,"create:veridium":2,"create:limestone":1,"projectvibrantjourneys:cattail":1,"minecraft:deepslate_redstone_ore":8,"minecraft:flowering_azalea":1,"psg:potassium_ore":27,"psg:deepslate_sulphur_ore":1,"minecraft:crafting_table":2,"minecraft:clay":7,"minecraft:torch":1,"projectvibrantjourneys:twigs":4,"minecraft:calcite":7,"minecraft:chest":3,"projectvibrantjourneys:mossy_rocks":1,"minecraft:stone_slab":2,"minecraft:tall_grass":1,"minecraft:copper_ore":79,"minecraft:cobblestone":15,"minecraft:lapis_ore":2,"minecraft:oak_planks":7,"minecraft:sugar_cane":1,"minecraft:wall_torch":6,"minecraft:deepslate_copper_ore":1,"minecraft:spruce_log":15,"minecraft:grass":5,"k_turrets:titanium_ore":15,"minecraft:oak_log":97,"minecraft:coal_ore":100,"projectvibrantjourneys:short_grass":3,"minecraft:dirt":15,"minecraft:gold_ore":10,"create:crimsite":7,"minecraft:oak_leaves":7,"minecraft:deepslate":32,"minecraft:fern":2},"minecraft:dropped":{"minecraft:moss_block":4,"minecraft:porkchop":11,"minecraft:oak_log":2,"marbledsarsenal:police_baton":1,"minecraft:crafting_table":1,"minecraft:apple":1,"projectvibrantjourneys:orange_bark_mushroom":2,"minecraft:coal":52,"minecraft:stick":10,"minecraft:mutton":13,"minecraft:wooden_sword":1,"minecraft:lily_pad":1,"minecraft:spruce_sapling":4,"marbledsarsenal:cm6m_gas_mask":1,"minecraft:cooked_chicken":3,"minecraft:raw_iron":27,"minecraft:chicken":3,"minecraft:clay_ball":16,"minecraft:wooden_pickaxe":1,"minecraft:beef":3,"projectvibrantjourneys:cattail":1},"minecraft:picked_up":{"minecraft:crafting_table":3,"minecraft:chicken":8,"minecraft:clay_ball":24,"minecraft:stone_slab":4,"minecraft:wooden_pickaxe":1,"minecraft:string":8,"minecraft:raw_copper":276,"create:limestone":1,"minecraft:wooden_sword":1,"tacz:ammo":256,"minecraft:cobbled_deepslate":66,"minecraft:beef":3,"minecraft:cobblestone_slab":2,"minecraft:calcite":7,"minecraft:iron_pickaxe":4,"minecraft:sugar_cane":8,"minecraft:chest":3,"minecraft:furnace":3,"minecraft:stick":52,"minecraft:raw_iron":70,"marbledsarsenal:police_baton":4,"minecraft:oak_door":2,"projectvibrantjourneys:bark_mushroom":10,"minecraft:torch":9,"minecraft:porkchop":4,"pointblank:gunmetal_nugget":31,"psg:sulphur":100,"minecraft:redstone":77,"pointblank:ammo45acp":286,"pointblank:m1911a1":3,"minecraft:stone_sword":2,"minecraft:rotten_flesh":30,"k_turrets:raw_titanium":15,"create:asurine":26,"create:veridium":2,"projectvibrantjourneys:cattail":1,"minecraft:mutton":34,"minecraft:white_wool":38,"minecraft:cobblestone":560,"minecraft:birch_log":3,"minecraft:clock":1,"minecraft:feather":11,"minecraft:andesite":101,"minecraft:brown_wool":3,"minecraft:leather":2,"minecraft:birch_planks":8,"overworld_netherite_ore:ancientdebrispiece":1,"minecraft:tuff":6,"create:raw_zinc":81,"minecraft:oak_log":114,"minecraft:lily_pad":1,"minecraft:gunpowder":6,"marbledsarsenal:cm6m_gas_mask":2,"minecraft:lapis_lazuli":62,"minecraft:dirt":40,"marbledsarsenal:helmet_cm6m_gas_mask":3,"minecraft:leather_boots":2,"minecraft:cooked_mutton":11,"minecraft:bone":13,"minecraft:apple":1,"minecraft:wheat_seeds":5,"minecraft:raw_gold":10,"minecraft:iron_ingot":6,"minecraft:stone_pickaxe":2,"minecraft:moss_block":4,"minecraft:oak_planks":7,"minecraft:flowering_azalea":3,"projectvibrantjourneys:light_brown_bark_mushroom":11,"minecraft:milk_bucket":1,"minecraft:cooked_porkchop":4,"minecraft:pumpkin":4,"psg:raw_potassium":53,"minecraft:gravel":10,"minecraft:spruce_sapling":12,"overworld_netherite_ore:large_ancient_shard":1,"minecraft:white_bed":1,"minecraft:spruce_log":37,"minecraft:spider_eye":2,"alexsmobs:animal_dictionary":2,"create:crimsite":7,"minecraft:diamond":4,"minecraft:stone_axe":1,"tacz:modern_kinetic_gun":2,"minecraft:golden_apple":1,"minecraft:gray_wool":1,"minecraft:bread":12,"minecraft:oak_sapling":9,"projectvibrantjourneys:orange_bark_mushroom":2,"minecraft:black_wool":4,"minecraft:coal":100},"minecraft:broken":{"minecraft:wooden_pickaxe":2,"minecraft:stone_pickaxe":3,"minecraft:iron_pickaxe":2},"minecraft:crafted":{"minecraft:wooden_sword":2,"minecraft:oak_door":3,"minecraft:oak_planks":20,"minecraft:cobblestone_slab":6,"minecraft:cooked_chicken":6,"minecraft:furnace":1,"minecraft:stone_pickaxe":3,"minecraft:chest":3,"minecraft:spruce_planks":16,"minecraft:wooden_pickaxe":2,"better_mob_food:cooked_flesh":2,"minecraft:birch_planks":12,"minecraft:stone_axe":1,"minecraft:stick":40,"minecraft:iron_pickaxe":2,"minecraft:torch":116},"minecraft:killed_by":{"minecraft:player":3,"hordes:zombie_player":1,"minecraft:zombie":2},"minecraft:custom":{"minecraft:mob_kills":43,"minecraft:interact_with_crafting_table":24,"minecraft:damage_dealt_resisted":24,"minecraft:time_since_death":10049,"minecraft:climb_one_cm":478,"minecraft:sprint_one_cm":538436,"minecraft:walk_one_cm":894683,"minecraft:drop":24,"minecraft:play_time":202437,"minecraft:deaths":6,"minecraft:sneak_time":5132,"minecraft:walk_under_water_one_cm":6558,"minecraft:jump":2014,"minecraft:interact_with_blast_furnace":2,"minecraft:walk_on_water_one_cm":40945,"minecraft:total_world_time":202437,"minecraft:interact_with_furnace":16,"minecraft:sleep_in_bed":4,"minecraft:time_since_rest":10079,"minecraft:damage_taken":2364,"minecraft:damage_dealt":5162,"minecraft:swim_one_cm":8415,"minecraft:player_kills":1,"minecraft:fly_one_cm":125764,"minecraft:open_chest":93,"minecraft:crouch_one_cm":13691,"minecraft:fall_one_cm":12942},"minecraft:killed":{"hordes:zombie_player":3,"minecraft:chicken":8,"minecraft:axolotl":1,"minecraft:pig":2,"minecraft:sheep":10,"minecraft:zombie":15,"minecraft:cow":2}},"DataVersion":3465}