{"stats":{"minecraft:used":{"minecraft:stone_sword":123,"minecraft:diamond_hoe":27,"minecraft:chest":6,"minecraft:iron_sword":252,"minecraft:cooked_chicken":6,"minecraft:oak_door":2,"minecraft:torch":153,"minecraft:dirt":36,"minecraft:milk_bucket":1,"marbledsarsenal:police_baton":42,"better_mob_food:cooked_flesh":2,"minecraft:sweet_berries":10,"minecraft:furnace":3,"minecraft:cooked_beef":3,"minecraft:cobbled_deepslate":17,"minecraft:wheat_seeds":8,"minecraft:cooked_mutton":7,"minecraft:stone_pickaxe":416,"minecraft:oak_planks":13,"minecraft:wooden_pickaxe":118,"minecraft:cobblestone_slab":5,"minecraft:golden_apple":1,"minecraft:glow_berries":28,"minecraft:crafting_table":2,"minecraft:white_bed":1,"minecraft:bread":1,"minecraft:iron_pickaxe":1030,"minecraft:stone_axe":107,"minecraft:wooden_sword":7,"minecraft:cobblestone":111,"minecraft:cooked_porkchop":8,"max_armory:diamond_katana":33,"minecraft:andesite":7},"minecraft:dropped":{"minecraft:moss_block":4,"minecraft:porkchop":11,"minecraft:oak_log":42,"minecraft:crafting_table":1,"marbledsarsenal:police_baton":1,"minecraft:iron_helmet":1,"minecraft:cobblestone":59,"minecraft:leather":5,"minecraft:apple":1,"projectvibrantjourneys:orange_bark_mushroom":2,"minecraft:coal":159,"minecraft:stick":10,"minecraft:mutton":14,"minecraft:iron_leggings":1,"minecraft:wooden_sword":1,"minecraft:string":2,"minecraft:lily_pad":1,"minecraft:bucket":1,"projectvibrantjourneys:bark_mushroom":2,"minecraft:spruce_sapling":4,"marbledsarsenal:cm6m_gas_mask":1,"minecraft:cooked_chicken":3,"minecraft:raw_iron":28,"minecraft:chicken":4,"minecraft:rotten_flesh":31,"minecraft:clay_ball":16,"minecraft:oak_planks":29,"minecraft:iron_boots":1,"psg:raw_potassium":39,"minecraft:salmon":2,"projectvibrantjourneys:sea_oats":8,"pointblank:gunmetal_nugget":5,"minecraft:diamond_sword":1,"minecraft:gunpowder":3,"minecraft:spruce_planks":26,"minecraft:diamond_pickaxe":1,"minecraft:iron_chestplate":1,"minecraft:oak_sapling":9,"tacz:ammo":12,"projectvibrantjourneys:cattail":1,"minecraft:beef":11,"minecraft:wooden_pickaxe":1,"minecraft:egg":1},"minecraft:mined":{"create:zinc_ore":72,"create:deepslate_zinc_ore":42,"minecraft:tuff":6,"minecraft:spruce_planks":2,"minecraft:white_bed":1,"minecraft:deepslate_diamond_ore":4,"projectvibrantjourneys:rocks":4,"psg:sulphur_ore":24,"minecraft:grass_block":11,"minecraft:spruce_leaves":3,"minecraft:red_mushroom":6,"minecraft:moss_block":4,"minecraft:large_fern":2,"minecraft:tall_seagrass":1,"minecraft:redstone_ore":11,"minecraft:furnace":2,"minecraft:iron_ore":40,"minecraft:cobbled_deepslate":3,"minecraft:andesite":62,"minecraft:pumpkin":18,"minecraft:deepslate_lapis_ore":19,"create:asurine":26,"minecraft:deepslate_iron_ore":70,"minecraft:stone":628,"create:veridium":2,"create:limestone":1,"projectvibrantjourneys:cattail":3,"minecraft:deepslate_redstone_ore":11,"minecraft:flowering_azalea":1,"minecraft:brown_mushroom":3,"projectvibrantjourneys:sea_oats":8,"psg:potassium_ore":27,"minecraft:clay":10,"psg:deepslate_sulphur_ore":7,"minecraft:crafting_table":2,"minecraft:torch":3,"projectvibrantjourneys:twigs":6,"minecraft:calcite":7,"minecraft:chest":3,"projectvibrantjourneys:mossy_rocks":1,"minecraft:stone_slab":3,"minecraft:copper_ore":88,"minecraft:tall_grass":23,"minecraft:cobblestone":36,"minecraft:lily_pad":1,"minecraft:deepslate_gold_ore":5,"minecraft:lapis_ore":2,"minecraft:oak_planks":7,"minecraft:sugar_cane":2,"minecraft:wall_torch":10,"minecraft:deepslate_copper_ore":11,"ecologics:seashell":2,"k_turrets:deepslate_titanium_ore":6,"minecraft:sweet_berry_bush":1,"minecraft:spruce_log":15,"minecraft:grass":104,"k_turrets:titanium_ore":15,"minecraft:oak_log":97,"minecraft:coal_ore":228,"projectvibrantjourneys:short_grass":37,"minecraft:gravel":2,"minecraft:dirt":19,"minecraft:gold_ore":10,"create:crimsite":7,"minecraft:oak_leaves":7,"minecraft:deepslate":53,"minecraft:fern":11},"minecraft:killed":{"hordes:zombie_player":4,"minecraft:zombie_horse":1,"minecraft:chicken":9,"minecraft:axolotl":1,"minecraft:drowned":3,"minecraft:pig":2,"alexsmobs:grizzly_bear":1,"minecraft:zombie_villager":1,"minecraft:salmon":2,"minecraft:sheep":18,"alexsmobs:gelada_monkey":1,"minecraft:zombie":102,"alexsmobs:fly":2,"minecraft:cow":6},"minecraft:broken":{"minecraft:wooden_pickaxe":2,"minecraft:stone_pickaxe":3,"minecraft:iron_sword":1,"minecraft:iron_pickaxe":5},"minecraft:killed_by":{"minecraft:player":4,"hordes:zombie_player":1,"minecraft:zombie":2},"minecraft:custom":{"minecraft:mob_kills":155,"minecraft:interact_with_crafting_table":28,"minecraft:open_barrel":4,"minecraft:damage_dealt_resisted":326,"minecraft:leave_game":1,"minecraft:time_since_death":136695,"minecraft:climb_one_cm":478,"minecraft:sprint_one_cm":829580,"minecraft:walk_one_cm":1467865,"minecraft:drop":57,"minecraft:play_time":348395,"minecraft:deaths":7,"minecraft:sneak_time":13888,"minecraft:walk_under_water_one_cm":10426,"minecraft:jump":2878,"minecraft:interact_with_blast_furnace":5,"minecraft:walk_on_water_one_cm":57625,"minecraft:total_world_time":348395,"minecraft:interact_with_furnace":29,"minecraft:sleep_in_bed":8,"minecraft:time_since_rest":27911,"minecraft:damage_taken":2982,"minecraft:damage_dealt":20890,"minecraft:player_kills":2,"minecraft:swim_one_cm":18434,"minecraft:fly_one_cm":192136,"minecraft:open_chest":140,"minecraft:crouch_one_cm":27102,"minecraft:fall_one_cm":20633},"minecraft:crafted":{"minecraft:wooden_sword":2,"minecraft:oak_door":3,"minecraft:oak_planks":40,"minecraft:cobblestone_slab":6,"minecraft:diamond_hoe":1,"minecraft:cooked_chicken":7,"minecraft:furnace":1,"minecraft:stone_pickaxe":3,"minecraft:chest":3,"minecraft:oak_fence":6,"minecraft:spruce_planks":16,"minecraft:wooden_pickaxe":2,"better_mob_food:cooked_flesh":2,"minecraft:birch_planks":12,"minecraft:stone_axe":1,"minecraft:oak_fence_gate":1,"minecraft:stick":48,"minecraft:iron_pickaxe":2,"minecraft:torch":136},"minecraft:picked_up":{"minecraft:iron_chestplate":1,"minecraft:crafting_table":4,"minecraft:chicken":9,"minecraft:clay_ball":24,"minecraft:brown_mushroom":3,"ecologics:seashell":2,"minecraft:stone_slab":5,"minecraft:diamond_sword":1,"minecraft:wooden_pickaxe":1,"marbledsarsenal:swat_armor_chestplate":1,"minecraft:string":11,"minecraft:raw_copper":342,"create:limestone":1,"minecraft:wooden_sword":1,"minecraft:iron_leggings":1,"tacz:ammo":550,"minecraft:cobbled_deepslate":159,"minecraft:spruce_planks":27,"minecraft:beef":16,"minecraft:cobblestone_slab":2,"minecraft:calcite":7,"marbledsarsenal:hazmat_armor_chestplate":1,"minecraft:iron_pickaxe":7,"minecraft:sugar_cane":10,"minecraft:chest":3,"minecraft:egg":1,"minecraft:phantom_membrane":1,"minecraft:iron_boots":1,"minecraft:furnace":3,"minecraft:stick":60,"minecraft:raw_iron":111,"marbledsarsenal:police_baton":4,"minecraft:oak_door":2,"projectvibrantjourneys:bark_mushroom":12,"minecraft:torch":32,"minecraft:porkchop":4,"pointblank:gunmetal_nugget":111,"psg:sulphur":147,"minecraft:redstone":103,"pointblank:ammo45acp":286,"pointblank:m1911a1":3,"minecraft:stone_sword":3,"minecraft:rotten_flesh":75,"k_turrets:raw_titanium":21,"create:asurine":26,"create:veridium":2,"projectvibrantjourneys:cattail":3,"minecraft:mutton":44,"minecraft:white_wool":44,"minecraft:cobblestone":854,"minecraft:birch_log":3,"minecraft:clock":2,"minecraft:feather":11,"minecraft:salmon":2,"minecraft:andesite":106,"minecraft:brown_wool":3,"minecraft:leather":7,"minecraft:red_mushroom":6,"alexsmobs:bear_fur":2,"minecraft:birch_planks":8,"marbledsarsenal:swat_armor_boots":1,"create:raw_zinc":114,"minecraft:tuff":6,"overworld_netherite_ore:ancientdebrispiece":5,"minecraft:oak_log":154,"max_armory:diamond_katana":1,"minecraft:lily_pad":1,"minecraft:gunpowder":9,"minecraft:lapis_lazuli":125,"projectvibrantjourneys:sea_oats":16,"marbledsarsenal:cm6m_gas_mask":2,"minecraft:dirt":67,"marbledsarsenal:helmet_cm6m_gas_mask":4,"minecraft:cooked_mutton":12,"minecraft:leather_boots":2,"minecraft:bone":16,"minecraft:apple":1,"minecraft:wheat_seeds":15,"minecraft:raw_gold":15,"minecraft:iron_ingot":6,"minecraft:stone_pickaxe":2,"minecraft:moss_block":4,"minecraft:iron_sword":1,"minecraft:oak_planks":43,"minecraft:flowering_azalea":3,"projectvibrantjourneys:light_brown_bark_mushroom":11,"minecraft:milk_bucket":2,"minecraft:cooked_porkchop":7,"marbledsarsenal:swat_armor_leggings":1,"minecraft:pumpkin":22,"minecraft:sweet_berries":19,"psg:raw_potassium":92,"minecraft:gravel":10,"minecraft:spruce_sapling":12,"overworld_netherite_ore:large_ancient_shard":3,"minecraft:white_bed":1,"minecraft:spruce_log":37,"minecraft:spider_eye":3,"alexsmobs:animal_dictionary":2,"create:crimsite":7,"minecraft:slime_ball":2,"minecraft:diamond":6,"minecraft:stone_axe":3,"tacz:modern_kinetic_gun":4,"minecraft:iron_helmet":1,"minecraft:golden_apple":2,"minecraft:gray_wool":1,"minecraft:bread":12,"alexsmobs:maggot":2,"projectvibrantjourneys:orange_bark_mushroom":2,"minecraft:oak_sapling":18,"minecraft:black_wool":4,"minecraft:coal":227,"minecraft:diamond_pickaxe":1}},"DataVersion":3465}