{"stats":{"minecraft:used":{"minecraft:cooked_mutton":2,"minecraft:stone_sword":9,"minecraft:stone_pickaxe":345,"minecraft:chest":3,"minecraft:wooden_pickaxe":97,"minecraft:cooked_chicken":3,"minecraft:oak_door":1,"minecraft:torch":32,"minecraft:dirt":10,"minecraft:crafting_table":2,"minecraft:bread":1,"minecraft:iron_pickaxe":17,"marbledsarsenal:police_baton":42,"minecraft:stone_axe":39,"minecraft:wooden_sword":7,"minecraft:cobblestone":22,"minecraft:furnace":3},"minecraft:mined":{"projectvibrantjourneys:cattail":1,"minecraft:deepslate_redstone_ore":8,"minecraft:flowering_azalea":1,"minecraft:deepslate_diamond_ore":2,"minecraft:clay":4,"minecraft:crafting_table":2,"projectvibrantjourneys:twigs":4,"minecraft:grass_block":10,"minecraft:chest":2,"projectvibrantjourneys:mossy_rocks":1,"minecraft:stone_slab":2,"minecraft:copper_ore":9,"minecraft:cobblestone":1,"minecraft:spruce_leaves":3,"minecraft:moss_block":4,"minecraft:sugar_cane":1,"minecraft:wall_torch":2,"minecraft:furnace":2,"minecraft:iron_ore":1,"minecraft:spruce_log":15,"minecraft:andesite":40,"minecraft:deepslate_lapis_ore":1,"minecraft:deepslate_iron_ore":20,"k_turrets:titanium_ore":3,"minecraft:grass":5,"minecraft:coal_ore":25,"minecraft:oak_log":29,"projectvibrantjourneys:short_grass":1,"minecraft:dirt":15,"minecraft:stone":321,"minecraft:deepslate":10,"minecraft:fern":2},"minecraft:dropped":{"minecraft:moss_block":4,"minecraft:crafting_table":1,"marbledsarsenal:police_baton":1,"minecraft:clay_ball":16,"projectvibrantjourneys:orange_bark_mushroom":2,"minecraft:stick":10,"minecraft:mutton":7,"minecraft:wooden_sword":1,"projectvibrantjourneys:cattail":1,"minecraft:wooden_pickaxe":1,"minecraft:lily_pad":1,"minecraft:spruce_sapling":4},"minecraft:picked_up":{"minecraft:birch_log":3,"minecraft:crafting_table":3,"minecraft:feather":4,"minecraft:chicken":6,"minecraft:clay_ball":16,"minecraft:andesite":41,"minecraft:brown_wool":3,"minecraft:stone_slab":2,"minecraft:wooden_pickaxe":1,"minecraft:birch_planks":8,"minecraft:oak_log":44,"minecraft:lily_pad":1,"minecraft:gunpowder":5,"minecraft:lapis_lazuli":4,"marbledsarsenal:cm6m_gas_mask":2,"minecraft:string":4,"minecraft:dirt":25,"minecraft:raw_copper":27,"minecraft:wooden_sword":1,"minecraft:cooked_mutton":9,"minecraft:leather_boots":2,"minecraft:bone":3,"minecraft:wheat_seeds":1,"minecraft:cobbled_deepslate":10,"minecraft:stone_pickaxe":2,"minecraft:iron_pickaxe":1,"minecraft:moss_block":4,"minecraft:sugar_cane":8,"minecraft:chest":2,"minecraft:flowering_azalea":1,"minecraft:furnace":3,"projectvibrantjourneys:light_brown_bark_mushroom":11,"minecraft:stick":42,"minecraft:raw_iron":20,"marbledsarsenal:police_baton":3,"projectvibrantjourneys:bark_mushroom":5,"minecraft:torch":2,"pointblank:gunmetal_nugget":12,"minecraft:spruce_sapling":12,"minecraft:spruce_log":37,"minecraft:redstone":39,"alexsmobs:animal_dictionary":2,"pointblank:m1911a1":2,"pointblank:ammo45acp":222,"minecraft:stone_sword":1,"minecraft:rotten_flesh":14,"minecraft:diamond":2,"k_turrets:raw_titanium":3,"projectvibrantjourneys:cattail":1,"minecraft:bread":12,"projectvibrantjourneys:orange_bark_mushroom":2,"minecraft:black_wool":4,"minecraft:mutton":28,"minecraft:coal":25,"minecraft:white_wool":35,"minecraft:cobblestone":411},"minecraft:broken":{"minecraft:stone_pickaxe":2,"minecraft:wooden_pickaxe":1},"minecraft:crafted":{"minecraft:wooden_sword":2,"minecraft:oak_door":3,"minecraft:oak_planks":16,"minecraft:spruce_planks":16,"minecraft:cooked_chicken":6,"minecraft:wooden_pickaxe":2,"minecraft:furnace":1,"minecraft:stone_axe":1,"minecraft:stick":20,"minecraft:stone_pickaxe":3,"minecraft:chest":1,"minecraft:torch":32},"minecraft:killed_by":{"minecraft:zombie":1,"hordes:zombie_player":1},"minecraft:custom":{"minecraft:interact_with_furnace":6,"minecraft:mob_kills":20,"minecraft:interact_with_crafting_table":16,"minecraft:damage_dealt_resisted":24,"minecraft:time_since_death":64851,"minecraft:sleep_in_bed":1,"minecraft:climb_one_cm":184,"minecraft:time_since_rest":36925,"minecraft:sprint_one_cm":187297,"minecraft:damage_taken":581,"minecraft:walk_one_cm":352822,"minecraft:drop":12,"minecraft:damage_dealt":2358,"minecraft:swim_one_cm":7970,"minecraft:fly_one_cm":44140,"minecraft:open_chest":18,"minecraft:crouch_one_cm":8963,"minecraft:play_time":76437,"minecraft:deaths":2,"minecraft:sneak_time":3957,"minecraft:walk_under_water_one_cm":5880,"minecraft:jump":689,"minecraft:walk_on_water_one_cm":25832,"minecraft:total_world_time":76437,"minecraft:fall_one_cm":6082},"minecraft:killed":{"hordes:zombie_player":1,"minecraft:sheep":6,"minecraft:zombie":5,"minecraft:chicken":6}},"DataVersion":3465}