{"stats":{"minecraft:used":{"minecraft:stone_sword":32,"minecraft:chest":5,"minecraft:cooked_chicken":3,"minecraft:oak_door":2,"minecraft:torch":57,"minecraft:dirt":10,"marbledsarsenal:police_baton":42,"better_mob_food:cooked_flesh":2,"minecraft:furnace":3,"minecraft:cooked_mutton":5,"minecraft:stone_pickaxe":416,"minecraft:wooden_pickaxe":118,"minecraft:cobblestone_slab":5,"minecraft:crafting_table":2,"minecraft:white_bed":1,"minecraft:bread":1,"minecraft:iron_pickaxe":170,"minecraft:stone_axe":39,"minecraft:wooden_sword":7,"minecraft:cobblestone":47},"minecraft:mined":{"create:zinc_ore":20,"create:deepslate_zinc_ore":8,"minecraft:white_bed":1,"minecraft:spruce_planks":1,"minecraft:deepslate_diamond_ore":4,"psg:sulphur_ore":11,"minecraft:grass_block":10,"minecraft:spruce_leaves":3,"minecraft:moss_block":4,"minecraft:redstone_ore":3,"minecraft:furnace":2,"minecraft:iron_ore":17,"minecraft:cobbled_deepslate":1,"minecraft:andesite":47,"minecraft:pumpkin":2,"minecraft:deepslate_lapis_ore":1,"minecraft:deepslate_iron_ore":21,"minecraft:stone":427,"create:veridium":2,"projectvibrantjourneys:cattail":1,"minecraft:deepslate_redstone_ore":8,"minecraft:flowering_azalea":1,"psg:potassium_ore":7,"psg:deepslate_sulphur_ore":1,"minecraft:crafting_table":2,"minecraft:clay":5,"minecraft:torch":1,"projectvibrantjourneys:twigs":4,"minecraft:chest":3,"projectvibrantjourneys:mossy_rocks":1,"minecraft:stone_slab":2,"minecraft:copper_ore":19,"minecraft:cobblestone":9,"minecraft:lapis_ore":2,"minecraft:sugar_cane":1,"minecraft:wall_torch":3,"minecraft:spruce_log":15,"minecraft:grass":5,"k_turrets:titanium_ore":3,"minecraft:oak_log":29,"minecraft:coal_ore":41,"projectvibrantjourneys:short_grass":1,"minecraft:dirt":15,"minecraft:gold_ore":10,"minecraft:deepslate":21,"minecraft:fern":2},"minecraft:dropped":{"minecraft:moss_block":4,"minecraft:porkchop":7,"marbledsarsenal:police_baton":1,"minecraft:crafting_table":1,"projectvibrantjourneys:orange_bark_mushroom":2,"minecraft:stick":10,"minecraft:mutton":13,"minecraft:wooden_sword":1,"minecraft:lily_pad":1,"minecraft:spruce_sapling":4,"minecraft:cooked_chicken":3,"minecraft:chicken":1,"minecraft:clay_ball":16,"minecraft:wooden_pickaxe":1,"minecraft:beef":3,"projectvibrantjourneys:cattail":1},"minecraft:picked_up":{"minecraft:crafting_table":3,"minecraft:chicken":6,"minecraft:clay_ball":20,"minecraft:stone_slab":4,"minecraft:wooden_pickaxe":1,"minecraft:string":6,"minecraft:raw_copper":62,"minecraft:wooden_sword":1,"minecraft:cobbled_deepslate":43,"minecraft:beef":3,"minecraft:iron_pickaxe":1,"minecraft:sugar_cane":8,"minecraft:chest":3,"minecraft:furnace":3,"minecraft:stick":42,"minecraft:raw_iron":38,"marbledsarsenal:police_baton":4,"projectvibrantjourneys:bark_mushroom":5,"minecraft:torch":5,"pointblank:gunmetal_nugget":16,"psg:sulphur":56,"minecraft:redstone":54,"pointblank:ammo45acp":286,"pointblank:m1911a1":3,"minecraft:stone_sword":1,"minecraft:rotten_flesh":14,"k_turrets:raw_titanium":3,"create:veridium":2,"projectvibrantjourneys:cattail":1,"minecraft:mutton":34,"minecraft:white_wool":38,"minecraft:cobblestone":525,"minecraft:birch_log":3,"minecraft:feather":8,"minecraft:andesite":89,"minecraft:brown_wool":3,"minecraft:leather":2,"minecraft:birch_planks":8,"create:raw_zinc":28,"minecraft:oak_log":44,"minecraft:lily_pad":1,"minecraft:gunpowder":5,"marbledsarsenal:cm6m_gas_mask":2,"minecraft:lapis_lazuli":15,"minecraft:dirt":40,"minecraft:leather_boots":2,"minecraft:cooked_mutton":9,"minecraft:bone":6,"minecraft:wheat_seeds":2,"minecraft:raw_gold":10,"minecraft:stone_pickaxe":2,"minecraft:moss_block":4,"minecraft:flowering_azalea":2,"projectvibrantjourneys:light_brown_bark_mushroom":11,"minecraft:pumpkin":2,"psg:raw_potassium":14,"minecraft:gravel":10,"minecraft:spruce_sapling":12,"overworld_netherite_ore:large_ancient_shard":1,"minecraft:white_bed":1,"minecraft:spruce_log":37,"alexsmobs:animal_dictionary":2,"minecraft:diamond":4,"minecraft:gray_wool":1,"minecraft:bread":12,"projectvibrantjourneys:orange_bark_mushroom":2,"minecraft:black_wool":4,"minecraft:coal":41},"minecraft:broken":{"minecraft:wooden_pickaxe":2,"minecraft:stone_pickaxe":3},"minecraft:crafted":{"minecraft:wooden_sword":2,"minecraft:oak_door":3,"minecraft:oak_planks":16,"minecraft:cobblestone_slab":6,"minecraft:cooked_chicken":6,"minecraft:furnace":1,"minecraft:stone_pickaxe":3,"minecraft:chest":2,"minecraft:spruce_planks":16,"minecraft:wooden_pickaxe":2,"better_mob_food:cooked_flesh":2,"minecraft:stone_axe":1,"minecraft:stick":24,"minecraft:torch":52},"minecraft:killed_by":{"hordes:zombie_player":1,"minecraft:zombie":1},"minecraft:custom":{"minecraft:mob_kills":28,"minecraft:interact_with_crafting_table":21,"minecraft:damage_dealt_resisted":24,"minecraft:time_since_death":100851,"minecraft:climb_one_cm":184,"minecraft:sprint_one_cm":296702,"minecraft:walk_one_cm":527725,"minecraft:drop":17,"minecraft:play_time":112437,"minecraft:deaths":2,"minecraft:sneak_time":4119,"minecraft:walk_under_water_one_cm":6113,"minecraft:jump":1050,"minecraft:interact_with_blast_furnace":1,"minecraft:walk_on_water_one_cm":31655,"minecraft:total_world_time":112437,"minecraft:interact_with_furnace":12,"minecraft:sleep_in_bed":1,"minecraft:time_since_rest":72925,"minecraft:damage_taken":671,"minecraft:damage_dealt":3327,"minecraft:swim_one_cm":7970,"minecraft:fly_one_cm":62181,"minecraft:open_chest":42,"minecraft:crouch_one_cm":9566,"minecraft:fall_one_cm":7320},"minecraft:killed":{"hordes:zombie_player":1,"minecraft:chicken":6,"minecraft:sheep":10,"minecraft:zombie":7,"minecraft:cow":2}},"DataVersion":3465}