{"stats":{"minecraft:crafted":{"minecraft:oak_planks":40,"minecraft:cobblestone_slab":12,"minecraft:cooked_chicken":7,"psg:potassium":33,"minecraft:chest":3,"minecraft:oak_fence":51,"minecraft:crafting_table":1,"minecraft:spruce_planks":16,"minecraft:wooden_pickaxe":2,"minecraft:copper_ingot":102,"minecraft:birch_planks":12,"minecraft:diamond_pickaxe":1,"minecraft:stick":84,"minecraft:iron_ingot":128,"minecraft:iron_pickaxe":2,"minecraft:wooden_sword":2,"minecraft:oak_door":3,"minecraft:diamond_hoe":1,"minecraft:furnace":1,"minecraft:stone_pickaxe":4,"minecraft:lead":8,"minecraft:coal_block":1,"better_mob_food:cooked_flesh":2,"minecraft:stone_axe":1,"minecraft:oak_fence_gate":2,"minecraft:golden_apple":2,"minecraft:torch":136},"minecraft:used":{"minecraft:diamond_hoe":36,"minecraft:chest":8,"minecraft:iron_sword":252,"minecraft:carrot":7,"minecraft:tuff":4,"minecraft:milk_bucket":1,"marbledsarsenal:police_baton":42,"minecraft:item_frame":4,"minecraft:sweet_berries":10,"minecraft:furnace":3,"minecraft:egg":2,"minecraft:stone_pickaxe":446,"minecraft:oak_planks":13,"minecraft:wooden_pickaxe":118,"minecraft:composter":1,"minecraft:golden_apple":5,"minecraft:glow_berries":28,"minecraft:bread":3,"minecraft:wooden_sword":21,"minecraft:andesite":7,"max_armory:diamond_halberd":38,"minecraft:oak_fence":54,"minecraft:stone_sword":123,"minecraft:cooked_salmon":2,"minecraft:cooked_chicken":6,"minecraft:oak_door":3,"minecraft:torch":183,"minecraft:dirt":36,"minecraft:oak_fence_gate":2,"minecraft:bookshelf":3,"minecraft:iron_axe":16,"better_mob_food:cooked_flesh":2,"minecraft:cooked_beef":11,"minecraft:cobbled_deepslate":17,"minecraft:wheat_seeds":39,"minecraft:cooked_mutton":16,"minecraft:cobblestone_slab":10,"minecraft:crafting_table":4,"minecraft:white_bed":2,"minecraft:diamond_pickaxe":29,"minecraft:iron_pickaxe":1112,"minecraft:stone_axe":126,"minecraft:cobblestone":182,"minecraft:cobbled_deepslate_slab":5,"minecraft:cooked_porkchop":8,"max_armory:diamond_katana":270},"minecraft:killed_by":{"minecraft:zombie":2,"minecraft:player":4,"hordes:zombie_player":1},"minecraft:dropped":{"minecraft:moss_block":4,"minecraft:porkchop":11,"minecraft:cooked_beef":4,"minecraft:oak_log":110,"minecraft:crafting_table":1,"minecraft:leather":5,"projectvibrantjourneys:orange_bark_mushroom":2,"minecraft:mutton":14,"projectvibrantjourneys:fallen_leaves":1,"minecraft:wooden_sword":1,"projectvibrantjourneys:bark_mushroom":2,"minecraft:stone_axe":1,"minecraft:cooked_chicken":3,"minecraft:cobbled_deepslate":1,"minecraft:wheat":5,"minecraft:rotten_flesh":31,"minecraft:oak_planks":29,"psg:raw_potassium":39,"minecraft:salmon":2,"projectvibrantjourneys:sea_oats":8,"minecraft:gunpowder":3,"projectvibrantjourneys:cattail":3,"minecraft:beef":11,"pointblank:grenade40mm":2,"minecraft:egg":1,"minecraft:iron_ingot":11,"marbledsarsenal:police_baton":1,"minecraft:cobblestone":59,"minecraft:iron_helmet":1,"minecraft:lead":4,"minecraft:book":88,"minecraft:apple":1,"minecraft:copper_ingot":46,"minecraft:coal":170,"minecraft:stick":10,"minecraft:torch":1,"minecraft:iron_leggings":1,"tacz:modern_kinetic_gun":1,"minecraft:string":2,"minecraft:lily_pad":1,"minecraft:bucket":1,"minecraft:spruce_sapling":4,"marbledsarsenal:cm6m_gas_mask":1,"alexsmobs:maggot":3,"minecraft:bowl":10,"minecraft:raw_iron":28,"minecraft:chicken":4,"minecraft:clay_ball":16,"minecraft:iron_boots":1,"minecraft:stripped_oak_log":2,"minecraft:stone_slab":1,"pointblank:gunmetal_nugget":5,"minecraft:diamond_sword":1,"minecraft:hay_block":32,"minecraft:spruce_planks":26,"minecraft:iron_chestplate":1,"minecraft:diamond_pickaxe":1,"minecraft:oak_sapling":9,"tacz:ammo":453,"minecraft:wooden_pickaxe":1},"minecraft:custom":{"minecraft:animals_bred":22,"minecraft:interact_with_crafting_table":43,"minecraft:open_barrel":6,"minecraft:leave_game":2,"minecraft:time_since_death":325124,"minecraft:sprint_one_cm":1249768,"minecraft:drop":94,"minecraft:talked_to_villager":4,"minecraft:play_time":536824,"minecraft:deaths":7,"minecraft:jump":4293,"minecraft:walk_on_water_one_cm":65914,"minecraft:enchant_item":2,"minecraft:interact_with_furnace":46,"minecraft:sleep_in_bed":15,"minecraft:damage_dealt":34070,"minecraft:player_kills":2,"minecraft:crouch_one_cm":61001,"minecraft:interact_with_smoker":2,"minecraft:inspect_dispenser":1,"minecraft:interact_with_smithing_table":1,"minecraft:inspect_dropper":1,"minecraft:mob_kills":277,"minecraft:damage_dealt_resisted":800,"minecraft:climb_one_cm":1189,"minecraft:walk_one_cm":2487743,"minecraft:sneak_time":27037,"minecraft:walk_under_water_one_cm":17468,"minecraft:interact_with_blast_furnace":60,"minecraft:total_world_time":536824,"minecraft:interact_with_stonecutter":1,"minecraft:time_since_rest":21708,"minecraft:damage_taken":3522,"minecraft:swim_one_cm":25374,"minecraft:fly_one_cm":293736,"minecraft:open_chest":383,"minecraft:fall_one_cm":30468},"minecraft:picked_up":{"minecraft:iron_chestplate":1,"minecraft:wheat":16,"minecraft:stone_slab":6,"minecraft:lead":16,"minecraft:diamond_sword":1,"minecraft:enchanted_book":1,"marbledsarsenal:swat_armor_chestplate":1,"minecraft:string":20,"minecraft:raw_copper":342,"create:limestone":1,"minecraft:iron_leggings":1,"minecraft:cobbled_deepslate":163,"minecraft:spruce_planks":27,"marbledsarsenal:hazmat_armor_chestplate":1,"minecraft:cobblestone_slab":2,"minecraft:calcite":7,"minecraft:iron_pickaxe":7,"minecraft:iron_boots":1,"minecraft:furnace":3,"minecraft:stick":64,"marbledsarsenal:police_baton":4,"minecraft:composter":1,"minecraft:oak_fence":3,"minecraft:torch":44,"minecraft:porkchop":13,"psg:sulphur":147,"pointblank:ammo45acp":286,"pointblank:m1911a1":4,"minecraft:stone_sword":3,"minecraft:rotten_flesh":191,"create:asurine":26,"create:veridium":2,"projectvibrantjourneys:cattail":3,"minecraft:cobblestone":944,"minecraft:birch_log":3,"minecraft:feather":21,"minecraft:cooked_beef":9,"minecraft:birch_slab":1,"minecraft:andesite":107,"projectvibrantjourneys:fallen_leaves":1,"minecraft:brown_wool":3,"alexsmobs:bear_fur":2,"create:raw_zinc":114,"minecraft:tuff":6,"max_armory:diamond_katana":1,"minecraft:lapis_lazuli":185,"minecraft:dirt":71,"minecraft:leather_boots":2,"minecraft:bone":24,"max_armory:diamond_halberd":1,"minecraft:wheat_seeds":71,"minecraft:raw_gold":16,"minecraft:cobbled_deepslate_slab":5,"pointblank:grenade40mm":6,"minecraft:moss_block":4,"minecraft:oak_planks":45,"minecraft:cooked_porkchop":7,"psg:raw_potassium":92,"overworld_netherite_ore:large_ancient_shard":3,"alexsmobs:animal_dictionary":2,"create:crimsite":7,"minecraft:diamond":6,"minecraft:golden_apple":4,"minecraft:bread":12,"alexsmobs:maggot":5,"minecraft:oak_sapling":21,"minecraft:diamond_pickaxe":2,"minecraft:crafting_table":6,"minecraft:chicken":14,"minecraft:clay_ball":24,"minecraft:brown_mushroom":3,"ecologics:seashell":2,"minecraft:wooden_pickaxe":2,"minecraft:wooden_sword":2,"minecraft:iron_axe":1,"tacz:ammo":1147,"minecraft:iron_shovel":1,"minecraft:beef":34,"minecraft:sugar_cane":14,"minecraft:chest":5,"minecraft:birch_sapling":1,"minecraft:phantom_membrane":3,"minecraft:egg":5,"minecraft:raw_iron":123,"minecraft:oak_door":2,"projectvibrantjourneys:bark_mushroom":12,"pointblank:gunmetal_nugget":216,"minecraft:carrot":29,"minecraft:redstone":112,"k_turrets:raw_titanium":25,"minecraft:hay_block":32,"minecraft:mutton":56,"minecraft:white_wool":51,"minecraft:stripped_oak_log":2,"minecraft:clock":2,"minecraft:salmon":3,"minecraft:leather":18,"minecraft:red_mushroom":6,"minecraft:birch_planks":8,"marbledsarsenal:swat_armor_boots":1,"overworld_netherite_ore:ancientdebrispiece":5,"minecraft:oak_log":222,"minecraft:lily_pad":1,"minecraft:gunpowder":25,"marbledsarsenal:cm6m_gas_mask":2,"projectvibrantjourneys:sea_oats":16,"marbledsarsenal:helmet_cm6m_gas_mask":4,"minecraft:cooked_mutton":12,"minecraft:apple":1,"minecraft:stone_pickaxe":2,"minecraft:iron_ingot":7,"minecraft:iron_sword":2,"minecraft:flowering_azalea":3,"minecraft:book":74,"projectvibrantjourneys:light_brown_bark_mushroom":11,"minecraft:milk_bucket":2,"marbledsarsenal:swat_armor_leggings":1,"minecraft:pumpkin":22,"minecraft:sweet_berries":19,"minecraft:gravel":10,"minecraft:spruce_sapling":12,"minecraft:white_bed":2,"minecraft:spruce_log":37,"minecraft:spider_eye":8,"minecraft:slime_ball":3,"minecraft:stone_axe":3,"tacz:modern_kinetic_gun":6,"minecraft:iron_helmet":1,"minecraft:gray_wool":1,"projectvibrantjourneys:orange_bark_mushroom":3,"minecraft:black_wool":4,"minecraft:coal":243,"minecraft:ender_pearl":1},"minecraft:broken":{"minecraft:stone_pickaxe":3,"minecraft:stone_axe":1,"minecraft:iron_sword":1,"minecraft:wooden_pickaxe":2,"minecraft:iron_pickaxe":6},"minecraft:mined":{"create:deepslate_zinc_ore":42,"minecraft:spruce_planks":2,"minecraft:white_bed":2,"minecraft:grass_block":11,"minecraft:composter":1,"minecraft:tall_seagrass":1,"minecraft:iron_ore":45,"minecraft:cobbled_deepslate":4,"minecraft:pumpkin":18,"minecraft:deepslate_lapis_ore":23,"create:asurine":26,"minecraft:dirt_path":2,"create:veridium":2,"create:limestone":1,"projectvibrantjourneys:cattail":4,"minecraft:deepslate_redstone_ore":11,"minecraft:brown_mushroom":3,"projectvibrantjourneys:sea_oats":8,"minecraft:clay":10,"minecraft:torch":6,"projectvibrantjourneys:twigs":6,"minecraft:calcite":7,"minecraft:chest":4,"minecraft:cobblestone":65,"minecraft:sugar_cane":4,"minecraft:oak_planks":9,"minecraft:wall_torch":19,"minecraft:deepslate_copper_ore":11,"ecologics:seashell":2,"minecraft:wheat":20,"projectvibrantjourneys:bones":3,"minecraft:grass":138,"minecraft:oak_log":131,"projectvibrantjourneys:short_grass":58,"minecraft:dirt":21,"create:crimsite":7,"minecraft:oak_leaves":22,"minecraft:deepslate":55,"create:zinc_ore":72,"minecraft:tuff":6,"minecraft:deepslate_diamond_ore":4,"projectvibrantjourneys:rocks":5,"psg:sulphur_ore":24,"minecraft:cobbled_deepslate_slab":2,"minecraft:birch_slab":2,"minecraft:spruce_leaves":3,"minecraft:moss_block":4,"minecraft:red_mushroom":6,"minecraft:large_fern":2,"minecraft:hay_block":32,"minecraft:redstone_ore":13,"minecraft:carrots":7,"minecraft:furnace":2,"minecraft:andesite":63,"minecraft:bookshelf":10,"minecraft:deepslate_iron_ore":71,"minecraft:stone":688,"minecraft:flowering_azalea":1,"psg:potassium_ore":27,"psg:deepslate_sulphur_ore":7,"minecraft:oak_fence":3,"minecraft:crafting_table":4,"projectvibrantjourneys:mossy_rocks":1,"minecraft:stone_slab":4,"minecraft:tall_grass":30,"minecraft:copper_ore":88,"minecraft:lapis_ore":7,"minecraft:deepslate_gold_ore":6,"minecraft:lily_pad":1,"k_turrets:deepslate_titanium_ore":6,"minecraft:sweet_berry_bush":1,"minecraft:spruce_log":15,"k_turrets:titanium_ore":19,"minecraft:coal_ore":244,"minecraft:gravel":2,"minecraft:cobweb":2,"minecraft:gold_ore":10,"minecraft:fern":17},"minecraft:killed":{"minecraft:zombie_horse":1,"minecraft:chicken":16,"minecraft:axolotl":1,"minecraft:pig":6,"alexsmobs:grizzly_bear":1,"minecraft:zombie_villager":1,"minecraft:salmon":4,"minecraft:sheep":25,"minecraft:trader_llama":2,"minecraft:zombie":181,"alexsmobs:fly":3,"minecraft:cow":15,"hordes:zombie_player":4,"minecraft:drowned":4,"minecraft:husk":10,"alexsmobs:gelada_monkey":1}},"DataVersion":3465}