{"stats":{"minecraft:crafted":{"minecraft:cobbled_deepslate_slab":468,"minecraft:oak_planks":124,"minecraft:cooked_chicken":5,"minecraft:furnace":3,"minecraft:diamond_shovel":1,"minecraft:flint_and_steel":1,"max_armory:diamond_long_sword":1,"minecraft:iron_boots":1,"psg:potassium":21,"minecraft:stone_pickaxe":4,"minecraft:chest":9,"minecraft:cobbled_deepslate_stairs":8,"minecraft:diamond_sword":1,"minecraft:cooked_porkchop":13,"max_armory:handle":1,"minecraft:diamond_axe":1,"minecraft:crafting_table":5,"pointblank:gunmetal_ingot":7,"minecraft:spruce_planks":196,"minecraft:iron_helmet":1,"minecraft:wooden_pickaxe":2,"minecraft:iron_sword":1,"better_mob_food:cooked_flesh":23,"minecraft:spruce_door":3,"minecraft:copper_ingot":127,"minecraft:bucket":1,"minecraft:stone_axe":1,"minecraft:air":0,"minecraft:iron_chestplate":1,"minecraft:golden_apple":1,"minecraft:diamond_pickaxe":3,"minecraft:stick":56,"minecraft:iron_ingot":178,"minecraft:iron_pickaxe":2,"minecraft:wooden_axe":1,"minecraft:stone_sword":1,"minecraft:iron_shovel":1,"minecraft:iron_leggings":1,"minecraft:gold_ingot":23,"minecraft:torch":108},"minecraft:dropped":{"minecraft:lapis_lazuli":24,"minecraft:clock":2,"minecraft:diamond":40,"marbledsarsenal:police_baton":3,"minecraft:cobblestone":86,"minecraft:golden_apple":1,"minecraft:torch":14,"minecraft:mutton":5,"tacz:modern_kinetic_gun":2,"minecraft:iron_pickaxe":2,"max_armory:diamond_long_sword":1,"minecraft:bucket":1,"minecraft:white_wool":6,"pointblank:m1911a1":2,"create:raw_zinc":14,"pointblank:ammo45acp":53,"minecraft:redstone":45,"minecraft:gravel":10,"minecraft:raw_iron":27,"minecraft:stone_sword":1,"minecraft:cobbled_deepslate":28,"minecraft:tuff":18,"psg:sulphur":21,"minecraft:diamond_sword":1,"projectvibrantjourneys:light_brown_bark_mushroom":2,"minecraft:diamond_pickaxe":3,"minecraft:andesite":64,"minecraft:oak_sapling":1,"marbledsarsenal:helmet_cm6m_gas_mask":1,"tacz:ammo":254,"minecraft:stone_pickaxe":2,"minecraft:raw_gold":59,"ecologics:seashell":1},"minecraft:used":{"create:limestone":4,"minecraft:stone_sword":131,"minecraft:iron_shovel":102,"minecraft:chest":15,"minecraft:spruce_planks":113,"minecraft:iron_sword":106,"minecraft:cooked_chicken":6,"minecraft:iron_chestplate":1,"minecraft:torch":113,"minecraft:dirt":13,"ecologics:seashell":1,"minecraft:tuff":1,"minecraft:wooden_axe":3,"minecraft:iron_helmet":1,"minecraft:iron_boots":1,"marbledsarsenal:police_baton":16,"better_mob_food:cooked_flesh":9,"minecraft:item_frame":2,"minecraft:furnace":6,"max_armory:diamond_long_sword":130,"minecraft:cooked_beef":3,"minecraft:cobbled_deepslate":189,"minecraft:iron_leggings":1,"minecraft:calcite":1,"minecraft:cooked_mutton":2,"minecraft:spruce_door":7,"pointblank:printer":1,"minecraft:stone_pickaxe":289,"minecraft:oak_planks":11,"minecraft:wooden_pickaxe":20,"minecraft:diamond_axe":39,"minecraft:golden_apple":2,"minecraft:crafting_table":11,"minecraft:white_bed":3,"minecraft:cobbled_deepslate_stairs":6,"minecraft:diamond_pickaxe":3321,"minecraft:diamond_shovel":120,"minecraft:bread":12,"minecraft:iron_pickaxe":225,"minecraft:stone_axe":51,"minecraft:gravel":1,"minecraft:diamond_sword":430,"minecraft:cobblestone":237,"minecraft:cobbled_deepslate_slab":195,"minecraft:cooked_porkchop":2,"minecraft:white_banner":4,"minecraft:andesite":73},"minecraft:custom":{"minecraft:interact_with_anvil":2,"minecraft:mob_kills":313,"minecraft:interact_with_crafting_table":75,"minecraft:damage_dealt_resisted":1161,"minecraft:leave_game":4,"minecraft:time_since_death":18587,"minecraft:sprint_one_cm":371766,"minecraft:walk_one_cm":1301034,"minecraft:drop":56,"minecraft:damage_dealt_absorbed":14,"minecraft:play_time":452094,"minecraft:sneak_time":44426,"minecraft:deaths":14,"minecraft:walk_under_water_one_cm":14037,"minecraft:jump":2965,"minecraft:interact_with_blast_furnace":34,"minecraft:walk_on_water_one_cm":18521,"minecraft:total_world_time":452094,"minecraft:interact_with_furnace":114,"minecraft:sleep_in_bed":9,"minecraft:time_since_rest":18673,"minecraft:damage_taken":4817,"minecraft:damage_absorbed":36,"minecraft:damage_dealt":38591,"minecraft:player_kills":2,"minecraft:swim_one_cm":15129,"minecraft:fly_one_cm":242129,"minecraft:open_chest":407,"minecraft:crouch_one_cm":97220,"minecraft:interact_with_smoker":10,"minecraft:fall_one_cm":57524},"minecraft:killed_by":{"mutantmonsters:mutant_zombie":1,"minecraft:player":8,"minecraft:pillager":1,"hordes:zombie_player":2,"minecraft:zombie":1},"minecraft:broken":{"minecraft:stone_sword":1,"minecraft:stone_pickaxe":1},"minecraft:mined":{"create:zinc_ore":14,"create:deepslate_zinc_ore":1,"minecraft:tuff":57,"minecraft:spruce_planks":18,"minecraft:white_bed":4,"minecraft:deepslate_diamond_ore":81,"minecraft:cobbled_deepslate_stairs":1,"projectvibrantjourneys:rocks":6,"minecraft:granite":5,"psg:sulphur_ore":44,"minecraft:glow_lichen":2,"minecraft:cobbled_deepslate_slab":100,"minecraft:grass_block":104,"minecraft:spruce_leaves":5,"minecraft:birch_slab":1,"minecraft:moss_block":16,"minecraft:large_fern":1,"minecraft:redstone_ore":18,"minecraft:furnace":3,"minecraft:iron_ore":170,"minecraft:cobbled_deepslate":75,"minecraft:andesite":451,"minecraft:moss_carpet":1,"minecraft:deepslate_lapis_ore":40,"minecraft:dirt_path":1,"minecraft:cave_vines":1,"minecraft:cobblestone_slab":6,"minecraft:deepslate_iron_ore":164,"minecraft:azalea":1,"minecraft:stone":680,"create:limestone":11,"projectvibrantjourneys:cattail":6,"minecraft:deepslate_redstone_ore":13,"minecraft:flowering_azalea":1,"minecraft:clay":26,"psg:potassium_ore":11,"minecraft:spruce_door":4,"psg:deepslate_sulphur_ore":5,"minecraft:crafting_table":9,"minecraft:torch":12,"minecraft:calcite":1,"minecraft:chest":8,"minecraft:stone_slab":2,"projectvibrantjourneys:mossy_rocks":6,"minecraft:copper_ore":192,"minecraft:tall_grass":3,"minecraft:cobblestone":69,"minecraft:deepslate_gold_ore":85,"minecraft:lapis_ore":22,"minecraft:lily_pad":1,"minecraft:oak_planks":7,"minecraft:wall_torch":21,"minecraft:deepslate_copper_ore":44,"minecraft:seagrass":2,"minecraft:white_wall_banner":1,"minecraft:spruce_log":36,"k_turrets:titanium_ore":18,"minecraft:grass":20,"minecraft:oak_log":14,"projectvibrantjourneys:spruce_hollow_log":4,"minecraft:coal_ore":304,"projectvibrantjourneys:short_grass":22,"minecraft:gravel":41,"minecraft:dirt":113,"minecraft:gold_ore":14,"pointblank:printer":1,"minecraft:deepslate":1042,"minecraft:fern":4},"minecraft:picked_up":{"minecraft:iron_chestplate":1,"minecraft:crafting_table":9,"minecraft:clay_ball":120,"minecraft:stone_slab":2,"ecologics:seashell":2,"minecraft:diamond_sword":4,"minecraft:enchanted_book":1,"marbledsarsenal:swat_armor_chestplate":3,"minecraft:string":13,"minecraft:moss_carpet":4,"minecraft:raw_copper":807,"create:limestone":11,"minecraft:flint_and_steel":1,"minecraft:iron_leggings":1,"minecraft:item_frame":5,"tacz:ammo":936,"minecraft:iron_shovel":2,"minecraft:cobbled_deepslate":1126,"minecraft:spruce_planks":46,"minecraft:white_tulip":1,"minecraft:cobblestone_slab":7,"minecraft:calcite":1,"minecraft:azalea":1,"minecraft:iron_pickaxe":2,"minecraft:chest":10,"minecraft:furnace":3,"minecraft:iron_boots":1,"minecraft:egg":4,"max_armory:diamond_long_sword":2,"minecraft:stick":23,"minecraft:raw_iron":337,"marbledsarsenal:police_baton":3,"minecraft:oak_door":2,"minecraft:copper_ingot":2,"projectvibrantjourneys:bark_mushroom":4,"minecraft:torch":49,"pointblank:gunmetal_nugget":407,"psg:sulphur":217,"minecraft:redstone":142,"marbledsarsenal:helmet_cm8m_gas_mask":3,"pointblank:ammo45acp":117,"pointblank:m1911a1":2,"minecraft:stone_sword":1,"minecraft:rotten_flesh":188,"k_turrets:raw_titanium":18,"projectvibrantjourneys:cattail":1,"minecraft:mutton":13,"minecraft:white_wool":17,"minecraft:cobblestone":787,"minecraft:nautilus_shell":2,"minecraft:clock":2,"minecraft:cooked_beef":3,"minecraft:glow_ink_sac":2,"minecraft:birch_slab":1,"minecraft:andesite":465,"projectvibrantjourneys:fallen_leaves":1,"minecraft:brown_wool":1,"minecraft:leather":2,"minecraft:flint":1,"marbledsarsenal:swat_armor_boots":3,"minecraft:oak_log":54,"minecraft:tuff":57,"create:raw_zinc":15,"minecraft:cobbled_deepslate_stairs":1,"minecraft:gunpowder":34,"projectvibrantjourneys:rocks":1,"marbledsarsenal:cm6m_gas_mask":1,"minecraft:lapis_lazuli":429,"projectvibrantjourneys:spruce_hollow_log":4,"minecraft:dirt":218,"marbledsarsenal:helmet_cm6m_gas_mask":1,"minecraft:white_banner":7,"minecraft:cooked_mutton":3,"minecraft:leather_boots":1,"minecraft:bone":11,"minecraft:wheat_seeds":7,"minecraft:raw_gold":99,"better_mob_food:cooked_flesh":8,"minecraft:cobbled_deepslate_slab":116,"pointblank:grenade40mm":4,"minecraft:stone_pickaxe":3,"minecraft:cooked_chicken":2,"minecraft:moss_block":20,"minecraft:oak_planks":35,"minecraft:flowering_azalea":2,"projectvibrantjourneys:light_brown_bark_mushroom":7,"minecraft:milk_bucket":1,"minecraft:cooked_porkchop":13,"marbledsarsenal:swat_armor_leggings":3,"psg:raw_potassium":22,"minecraft:gravel":27,"usefulbackpacks:backpack_large":2,"minecraft:spruce_sapling":11,"minecraft:white_bed":3,"minecraft:spruce_log":48,"pointblank:printer":1,"minecraft:spruce_door":6,"minecraft:spider_eye":19,"alexsmobs:animal_dictionary":1,"minecraft:diamond_shovel":2,"minecraft:slime_ball":1,"minecraft:diamond":85,"minecraft:stone_axe":1,"tacz:modern_kinetic_gun":10,"minecraft:iron_helmet":1,"minecraft:granite":5,"minecraft:diamond_axe":2,"minecraft:golden_apple":2,"minecraft:bread":29,"projectvibrantjourneys:orange_bark_mushroom":2,"minecraft:oak_sapling":9,"minecraft:black_wool":1,"minecraft:coal":334,"minecraft:diamond_pickaxe":7,"minecraft:ender_pearl":4},"minecraft:killed":{"hordes:zombie_player":5,"minecraft:zombie_horse":5,"alexsmobs:blue_jay":1,"minecraft:drowned":5,"minecraft:husk":27,"minecraft:zombie_villager":2,"minecraft:sheep":2,"minecraft:pillager":39,"minecraft:zombie":225,"alexsmobs:fly":2}},"DataVersion":3465}