{"stats":{"minecraft:crafted":{"minecraft:cobbled_deepslate_slab":84,"minecraft:oak_planks":124,"minecraft:cooked_chicken":5,"minecraft:furnace":3,"minecraft:diamond_shovel":1,"minecraft:iron_boots":1,"psg:potassium":21,"minecraft:stone_pickaxe":4,"minecraft:chest":9,"minecraft:cobbled_deepslate_stairs":4,"minecraft:diamond_sword":1,"minecraft:diamond_axe":1,"minecraft:crafting_table":4,"pointblank:gunmetal_ingot":7,"minecraft:spruce_planks":196,"minecraft:iron_helmet":1,"minecraft:wooden_pickaxe":2,"minecraft:iron_sword":1,"better_mob_food:cooked_flesh":23,"minecraft:spruce_door":3,"minecraft:bucket":1,"minecraft:stone_axe":1,"minecraft:air":0,"minecraft:iron_chestplate":1,"minecraft:diamond_pickaxe":2,"minecraft:stick":52,"minecraft:iron_ingot":66,"minecraft:iron_pickaxe":2,"minecraft:wooden_axe":1,"minecraft:stone_sword":1,"minecraft:iron_shovel":1,"minecraft:iron_leggings":1,"minecraft:torch":100},"minecraft:used":{"create:limestone":4,"minecraft:stone_sword":131,"minecraft:iron_shovel":102,"minecraft:chest":15,"minecraft:spruce_planks":113,"minecraft:iron_sword":106,"minecraft:cooked_chicken":5,"minecraft:iron_chestplate":1,"minecraft:torch":84,"minecraft:dirt":13,"ecologics:seashell":1,"minecraft:tuff":1,"minecraft:wooden_axe":3,"minecraft:iron_helmet":1,"minecraft:iron_boots":1,"marbledsarsenal:police_baton":16,"better_mob_food:cooked_flesh":9,"minecraft:item_frame":2,"minecraft:furnace":6,"minecraft:cooked_beef":3,"minecraft:cobbled_deepslate":81,"minecraft:iron_leggings":1,"minecraft:calcite":1,"minecraft:cooked_mutton":2,"minecraft:spruce_door":7,"minecraft:stone_pickaxe":289,"pointblank:printer":1,"minecraft:oak_planks":11,"minecraft:wooden_pickaxe":20,"minecraft:diamond_axe":37,"minecraft:golden_apple":1,"minecraft:crafting_table":10,"minecraft:white_bed":3,"minecraft:cobbled_deepslate_stairs":3,"minecraft:diamond_pickaxe":1147,"minecraft:diamond_shovel":83,"minecraft:bread":1,"minecraft:iron_pickaxe":225,"minecraft:gravel":1,"minecraft:stone_axe":51,"minecraft:diamond_sword":347,"minecraft:cobblestone":224,"minecraft:cobbled_deepslate_slab":80,"minecraft:andesite":46},"minecraft:killed_by":{"mutantmonsters:mutant_zombie":1,"minecraft:player":8,"hordes:zombie_player":2,"minecraft:zombie":1},"minecraft:dropped":{"minecraft:clock":2,"marbledsarsenal:police_baton":3,"minecraft:cobblestone":86,"minecraft:torch":14,"minecraft:mutton":5,"minecraft:iron_pickaxe":2,"minecraft:white_wool":6,"pointblank:m1911a1":2,"create:raw_zinc":14,"pointblank:ammo45acp":53,"minecraft:stone_sword":1,"minecraft:diamond_sword":1,"projectvibrantjourneys:light_brown_bark_mushroom":2,"minecraft:oak_sapling":1,"marbledsarsenal:helmet_cm6m_gas_mask":1,"tacz:ammo":110,"minecraft:stone_pickaxe":2,"ecologics:seashell":1},"minecraft:custom":{"minecraft:mob_kills":192,"minecraft:interact_with_crafting_table":58,"minecraft:damage_dealt_resisted":866,"minecraft:leave_game":3,"minecraft:time_since_death":15084,"minecraft:sprint_one_cm":244677,"minecraft:walk_one_cm":879297,"minecraft:drop":30,"minecraft:damage_dealt_absorbed":14,"minecraft:play_time":288341,"minecraft:sneak_time":33854,"minecraft:deaths":13,"minecraft:walk_under_water_one_cm":14037,"minecraft:jump":2219,"minecraft:interact_with_blast_furnace":1,"minecraft:walk_on_water_one_cm":18442,"minecraft:total_world_time":288341,"minecraft:interact_with_furnace":56,"minecraft:sleep_in_bed":7,"minecraft:time_since_rest":15109,"minecraft:damage_taken":4083,"minecraft:damage_dealt":27024,"minecraft:player_kills":2,"minecraft:swim_one_cm":15129,"minecraft:fly_one_cm":187709,"minecraft:open_chest":207,"minecraft:crouch_one_cm":76763,"minecraft:interact_with_smoker":4,"minecraft:fall_one_cm":44355},"minecraft:picked_up":{"minecraft:iron_chestplate":1,"minecraft:crafting_table":9,"minecraft:clay_ball":16,"ecologics:seashell":2,"minecraft:stone_slab":2,"minecraft:diamond_sword":3,"marbledsarsenal:swat_armor_chestplate":2,"minecraft:string":13,"minecraft:moss_carpet":4,"minecraft:raw_copper":165,"create:limestone":11,"minecraft:iron_leggings":1,"minecraft:item_frame":5,"tacz:ammo":489,"minecraft:iron_shovel":2,"minecraft:cobbled_deepslate":429,"minecraft:spruce_planks":46,"minecraft:white_tulip":1,"minecraft:cobblestone_slab":7,"minecraft:calcite":1,"minecraft:azalea":1,"minecraft:iron_pickaxe":2,"minecraft:chest":10,"minecraft:egg":4,"minecraft:iron_boots":1,"minecraft:furnace":3,"minecraft:stick":23,"minecraft:raw_iron":172,"marbledsarsenal:police_baton":3,"minecraft:oak_door":2,"minecraft:copper_ingot":2,"projectvibrantjourneys:bark_mushroom":4,"minecraft:torch":30,"pointblank:gunmetal_nugget":312,"psg:sulphur":191,"minecraft:redstone":97,"marbledsarsenal:helmet_cm8m_gas_mask":2,"pointblank:ammo45acp":117,"pointblank:m1911a1":2,"minecraft:stone_sword":1,"minecraft:rotten_flesh":161,"k_turrets:raw_titanium":18,"projectvibrantjourneys:cattail":1,"minecraft:mutton":13,"minecraft:white_wool":17,"minecraft:cobblestone":441,"minecraft:nautilus_shell":2,"minecraft:clock":2,"minecraft:cooked_beef":3,"minecraft:glow_ink_sac":2,"minecraft:birch_slab":1,"minecraft:andesite":327,"projectvibrantjourneys:fallen_leaves":1,"minecraft:brown_wool":1,"minecraft:leather":2,"marbledsarsenal:swat_armor_boots":2,"minecraft:oak_log":54,"minecraft:tuff":25,"create:raw_zinc":15,"minecraft:cobbled_deepslate_stairs":1,"minecraft:gunpowder":28,"projectvibrantjourneys:rocks":1,"minecraft:lapis_lazuli":241,"marbledsarsenal:cm6m_gas_mask":1,"projectvibrantjourneys:spruce_hollow_log":4,"minecraft:dirt":202,"marbledsarsenal:helmet_cm6m_gas_mask":1,"minecraft:cooked_mutton":3,"minecraft:leather_boots":1,"minecraft:bone":7,"minecraft:wheat_seeds":5,"minecraft:raw_gold":12,"better_mob_food:cooked_flesh":8,"minecraft:cobbled_deepslate_slab":10,"minecraft:cooked_chicken":2,"pointblank:grenade40mm":4,"minecraft:stone_pickaxe":3,"minecraft:moss_block":20,"minecraft:flowering_azalea":2,"minecraft:oak_planks":33,"projectvibrantjourneys:light_brown_bark_mushroom":5,"marbledsarsenal:swat_armor_leggings":2,"psg:raw_potassium":22,"minecraft:gravel":14,"minecraft:spruce_sapling":11,"minecraft:white_bed":3,"minecraft:spruce_log":48,"pointblank:printer":1,"minecraft:spruce_door":5,"minecraft:spider_eye":19,"alexsmobs:animal_dictionary":1,"minecraft:diamond_shovel":1,"minecraft:slime_ball":1,"minecraft:diamond":36,"minecraft:stone_axe":1,"tacz:modern_kinetic_gun":4,"minecraft:iron_helmet":1,"minecraft:diamond_axe":1,"minecraft:golden_apple":1,"minecraft:bread":8,"projectvibrantjourneys:orange_bark_mushroom":2,"minecraft:oak_sapling":9,"minecraft:black_wool":1,"minecraft:coal":170,"minecraft:diamond_pickaxe":2,"minecraft:ender_pearl":3},"minecraft:broken":{"minecraft:stone_sword":1,"minecraft:stone_pickaxe":1},"minecraft:mined":{"create:zinc_ore":14,"create:deepslate_zinc_ore":1,"minecraft:tuff":25,"minecraft:spruce_planks":18,"minecraft:white_bed":4,"minecraft:deepslate_diamond_ore":32,"minecraft:cobbled_deepslate_stairs":1,"projectvibrantjourneys:rocks":6,"psg:sulphur_ore":43,"minecraft:glow_lichen":2,"minecraft:cobbled_deepslate_slab":10,"minecraft:grass_block":103,"minecraft:spruce_leaves":5,"minecraft:birch_slab":1,"minecraft:moss_block":16,"minecraft:large_fern":1,"minecraft:redstone_ore":18,"minecraft:furnace":3,"minecraft:iron_ore":87,"minecraft:cobbled_deepslate":41,"minecraft:andesite":271,"minecraft:moss_carpet":1,"minecraft:deepslate_lapis_ore":15,"minecraft:cave_vines":1,"minecraft:dirt_path":1,"minecraft:deepslate_iron_ore":82,"minecraft:cobblestone_slab":6,"minecraft:azalea":1,"minecraft:stone":301,"create:limestone":11,"projectvibrantjourneys:cattail":6,"minecraft:deepslate_redstone_ore":3,"minecraft:flowering_azalea":1,"psg:potassium_ore":11,"minecraft:spruce_door":3,"psg:deepslate_sulphur_ore":1,"minecraft:crafting_table":9,"minecraft:torch":5,"minecraft:calcite":1,"minecraft:chest":8,"minecraft:stone_slab":2,"projectvibrantjourneys:mossy_rocks":6,"minecraft:copper_ore":42,"minecraft:tall_grass":3,"minecraft:cobblestone":64,"minecraft:deepslate_gold_ore":5,"minecraft:lapis_ore":12,"minecraft:lily_pad":1,"minecraft:oak_planks":6,"minecraft:wall_torch":13,"minecraft:deepslate_copper_ore":6,"minecraft:seagrass":2,"minecraft:spruce_log":36,"k_turrets:titanium_ore":18,"minecraft:grass":18,"minecraft:oak_log":14,"projectvibrantjourneys:spruce_hollow_log":4,"minecraft:coal_ore":134,"projectvibrantjourneys:short_grass":15,"minecraft:gravel":15,"minecraft:dirt":98,"minecraft:gold_ore":7,"pointblank:printer":1,"minecraft:deepslate":340,"minecraft:fern":4},"minecraft:killed":{"hordes:zombie_player":5,"minecraft:drowned":5,"minecraft:husk":23,"minecraft:zombie_villager":2,"minecraft:sheep":2,"minecraft:zombie":154,"alexsmobs:fly":1}},"DataVersion":3465}