{"stats":{"minecraft:used":{"minecraft:wooden_axe":3,"minecraft:stone_pickaxe":33,"minecraft:spruce_planks":33,"minecraft:wooden_pickaxe":10,"marbledsarsenal:police_baton":13,"minecraft:crafting_table":2},"minecraft:mined":{"minecraft:seagrass":2,"projectvibrantjourneys:cattail":6,"minecraft:spruce_log":17,"minecraft:crafting_table":2,"minecraft:grass":5,"projectvibrantjourneys:short_grass":2,"minecraft:spruce_leaves":2,"minecraft:lily_pad":1,"minecraft:stone":42,"minecraft:fern":1},"minecraft:dropped":{"minecraft:mutton":5,"minecraft:cobblestone":7,"minecraft:white_wool":6,"pointblank:m1911a1":1},"minecraft:picked_up":{"projectvibrantjourneys:light_brown_bark_mushroom":2,"minecraft:crafting_table":2,"pointblank:gunmetal_nugget":4,"minecraft:spruce_sapling":2,"minecraft:spruce_log":17,"pointblank:m1911a1":1,"minecraft:rotten_flesh":2,"minecraft:wheat_seeds":1,"projectvibrantjourneys:cattail":1,"projectvibrantjourneys:orange_bark_mushroom":2,"minecraft:mutton":5,"minecraft:white_wool":6,"minecraft:cobblestone":39},"minecraft:crafted":{"minecraft:crafting_table":2,"minecraft:spruce_planks":68,"minecraft:stick":8,"minecraft:wooden_pickaxe":1,"minecraft:stone_pickaxe":1,"minecraft:wooden_axe":1},"minecraft:killed_by":{"hordes:zombie_player":1,"minecraft:player":1},"minecraft:custom":{"minecraft:time_since_rest":6716,"minecraft:sprint_one_cm":43119,"minecraft:damage_taken":632,"minecraft:walk_one_cm":44669,"minecraft:mob_kills":6,"minecraft:drop":4,"minecraft:damage_dealt":1113,"minecraft:swim_one_cm":10235,"minecraft:interact_with_crafting_table":4,"minecraft:fly_one_cm":53691,"minecraft:crouch_one_cm":2806,"minecraft:play_time":15564,"minecraft:deaths":2,"minecraft:sneak_time":779,"minecraft:walk_under_water_one_cm":3071,"minecraft:damage_dealt_resisted":64,"minecraft:jump":252,"minecraft:walk_on_water_one_cm":7367,"minecraft:time_since_death":6686,"minecraft:total_world_time":15564,"minecraft:fall_one_cm":6740},"minecraft:killed":{"minecraft:sheep":2,"minecraft:zombie":4}},"DataVersion":3465}