{"stats":{"minecraft:used":{"create:limestone":4,"minecraft:stone_sword":131,"minecraft:chest":3,"minecraft:spruce_planks":113,"minecraft:iron_sword":106,"minecraft:cooked_chicken":1,"minecraft:iron_chestplate":1,"minecraft:torch":67,"minecraft:dirt":5,"ecologics:seashell":1,"minecraft:tuff":1,"minecraft:wooden_axe":3,"minecraft:iron_helmet":1,"minecraft:iron_boots":1,"marbledsarsenal:police_baton":16,"better_mob_food:cooked_flesh":9,"minecraft:furnace":6,"minecraft:cobbled_deepslate":2,"minecraft:iron_leggings":1,"minecraft:calcite":1,"minecraft:cooked_mutton":2,"minecraft:spruce_door":4,"minecraft:stone_pickaxe":289,"minecraft:oak_planks":10,"minecraft:wooden_pickaxe":20,"minecraft:diamond_axe":8,"minecraft:crafting_table":10,"minecraft:diamond_pickaxe":417,"minecraft:bread":1,"minecraft:iron_pickaxe":225,"minecraft:gravel":1,"minecraft:stone_axe":51,"minecraft:diamond_sword":28,"minecraft:cobblestone":147,"minecraft:andesite":44},"minecraft:dropped":{"minecraft:clock":2,"marbledsarsenal:police_baton":3,"minecraft:cobblestone":86,"minecraft:torch":14,"minecraft:mutton":5,"minecraft:iron_pickaxe":2,"minecraft:white_wool":6,"pointblank:m1911a1":2,"pointblank:ammo45acp":29,"minecraft:stone_sword":1,"minecraft:diamond_sword":1,"projectvibrantjourneys:light_brown_bark_mushroom":2,"minecraft:oak_sapling":1,"marbledsarsenal:helmet_cm6m_gas_mask":1,"minecraft:stone_pickaxe":2,"ecologics:seashell":1},"minecraft:mined":{"create:deepslate_zinc_ore":1,"minecraft:tuff":18,"minecraft:spruce_planks":18,"minecraft:deepslate_diamond_ore":13,"projectvibrantjourneys:rocks":5,"psg:sulphur_ore":43,"minecraft:grass_block":10,"minecraft:spruce_leaves":5,"minecraft:moss_block":1,"minecraft:redstone_ore":18,"minecraft:furnace":3,"minecraft:iron_ore":54,"minecraft:andesite":175,"minecraft:moss_carpet":1,"minecraft:deepslate_lapis_ore":4,"minecraft:cave_vines":1,"minecraft:deepslate_iron_ore":40,"minecraft:stone":174,"create:limestone":11,"projectvibrantjourneys:cattail":6,"minecraft:deepslate_redstone_ore":3,"minecraft:flowering_azalea":1,"psg:potassium_ore":11,"minecraft:spruce_door":2,"minecraft:crafting_table":9,"minecraft:torch":1,"minecraft:calcite":1,"projectvibrantjourneys:mossy_rocks":5,"minecraft:tall_grass":1,"minecraft:copper_ore":42,"minecraft:cobblestone":24,"minecraft:lapis_ore":6,"minecraft:deepslate_gold_ore":4,"minecraft:lily_pad":1,"minecraft:oak_planks":6,"minecraft:wall_torch":8,"minecraft:deepslate_copper_ore":6,"minecraft:seagrass":2,"minecraft:spruce_log":36,"k_turrets:titanium_ore":18,"minecraft:grass":7,"projectvibrantjourneys:spruce_hollow_log":4,"minecraft:coal_ore":111,"projectvibrantjourneys:short_grass":5,"minecraft:gravel":5,"minecraft:dirt":7,"minecraft:gold_ore":7,"minecraft:deepslate":132,"minecraft:fern":2},"minecraft:killed":{"hordes:zombie_player":5,"minecraft:zombie_villager":1,"minecraft:sheep":2,"minecraft:zombie":59},"minecraft:broken":{"minecraft:stone_sword":1,"minecraft:stone_pickaxe":1},"minecraft:killed_by":{"mutantmonsters:mutant_zombie":1,"minecraft:player":7,"hordes:zombie_player":1,"minecraft:zombie":1},"minecraft:custom":{"minecraft:mob_kills":67,"minecraft:interact_with_crafting_table":37,"minecraft:damage_dealt_resisted":214,"minecraft:leave_game":2,"minecraft:time_since_death":21489,"minecraft:sprint_one_cm":178408,"minecraft:walk_one_cm":494057,"minecraft:drop":24,"minecraft:play_time":156783,"minecraft:deaths":10,"minecraft:sneak_time":16725,"minecraft:walk_under_water_one_cm":7801,"minecraft:jump":1565,"minecraft:interact_with_blast_furnace":1,"minecraft:walk_on_water_one_cm":16584,"minecraft:total_world_time":156783,"minecraft:interact_with_furnace":40,"minecraft:sleep_in_bed":2,"minecraft:time_since_rest":21514,"minecraft:damage_taken":2970,"minecraft:damage_dealt":12677,"minecraft:swim_one_cm":14143,"minecraft:fly_one_cm":153668,"minecraft:player_kills":2,"minecraft:open_chest":85,"minecraft:crouch_one_cm":33250,"minecraft:interact_with_smoker":1,"minecraft:fall_one_cm":32880},"minecraft:crafted":{"minecraft:oak_planks":68,"minecraft:furnace":3,"minecraft:iron_boots":1,"minecraft:stone_pickaxe":4,"minecraft:chest":3,"minecraft:diamond_sword":1,"minecraft:diamond_axe":1,"minecraft:crafting_table":4,"pointblank:gunmetal_ingot":7,"minecraft:spruce_planks":196,"minecraft:wooden_pickaxe":2,"minecraft:iron_helmet":1,"minecraft:iron_sword":1,"minecraft:spruce_door":3,"better_mob_food:cooked_flesh":23,"minecraft:stone_axe":1,"minecraft:air":0,"minecraft:iron_chestplate":1,"minecraft:diamond_pickaxe":1,"minecraft:stick":44,"minecraft:iron_ingot":48,"minecraft:iron_pickaxe":2,"minecraft:wooden_axe":1,"minecraft:stone_sword":1,"minecraft:iron_leggings":1,"minecraft:torch":92},"minecraft:picked_up":{"minecraft:crafting_table":9,"minecraft:iron_chestplate":1,"minecraft:clay_ball":16,"minecraft:diamond_sword":2,"ecologics:seashell":2,"minecraft:string":5,"minecraft:moss_carpet":2,"minecraft:raw_copper":165,"create:limestone":11,"minecraft:iron_leggings":1,"tacz:ammo":58,"minecraft:cobbled_deepslate":129,"minecraft:spruce_planks":46,"minecraft:calcite":1,"minecraft:iron_pickaxe":2,"minecraft:iron_boots":1,"minecraft:furnace":3,"minecraft:stick":19,"minecraft:raw_iron":94,"marbledsarsenal:police_baton":3,"minecraft:oak_door":1,"projectvibrantjourneys:bark_mushroom":3,"minecraft:torch":10,"pointblank:gunmetal_nugget":117,"psg:sulphur":186,"minecraft:redstone":97,"marbledsarsenal:helmet_cm8m_gas_mask":1,"pointblank:ammo45acp":93,"pointblank:m1911a1":2,"minecraft:stone_sword":1,"minecraft:rotten_flesh":85,"k_turrets:raw_titanium":18,"projectvibrantjourneys:cattail":1,"minecraft:mutton":13,"minecraft:white_wool":17,"minecraft:cobblestone":275,"minecraft:clock":2,"minecraft:andesite":170,"minecraft:brown_wool":1,"minecraft:oak_log":40,"minecraft:tuff":18,"create:raw_zinc":1,"minecraft:gunpowder":9,"projectvibrantjourneys:rocks":1,"minecraft:dirt":17,"minecraft:lapis_lazuli":67,"marbledsarsenal:cm6m_gas_mask":1,"projectvibrantjourneys:spruce_hollow_log":4,"marbledsarsenal:helmet_cm6m_gas_mask":1,"minecraft:leather_boots":1,"minecraft:cooked_mutton":3,"minecraft:bone":7,"minecraft:wheat_seeds":1,"minecraft:raw_gold":11,"better_mob_food:cooked_flesh":8,"minecraft:cooked_chicken":1,"minecraft:stone_pickaxe":3,"minecraft:moss_block":1,"minecraft:flowering_azalea":1,"minecraft:oak_planks":6,"projectvibrantjourneys:light_brown_bark_mushroom":5,"psg:raw_potassium":22,"minecraft:gravel":4,"minecraft:spruce_sapling":11,"minecraft:spruce_log":48,"alexsmobs:animal_dictionary":1,"minecraft:spruce_door":2,"minecraft:spider_eye":7,"minecraft:slime_ball":1,"minecraft:diamond":13,"minecraft:stone_axe":1,"minecraft:iron_helmet":1,"minecraft:bread":8,"minecraft:oak_sapling":9,"projectvibrantjourneys:orange_bark_mushroom":2,"minecraft:black_wool":1,"minecraft:coal":141,"minecraft:diamond_pickaxe":1,"minecraft:ender_pearl":1}},"DataVersion":3465}