{"stats":{"minecraft:used":{"minecraft:stone_sword":40,"minecraft:stone_pickaxe":33,"minecraft:spruce_planks":45,"minecraft:wooden_pickaxe":20,"minecraft:dirt":4,"minecraft:crafting_table":3,"minecraft:wooden_axe":3,"minecraft:bread":1,"marbledsarsenal:police_baton":16,"minecraft:stone_axe":10},"minecraft:mined":{"projectvibrantjourneys:cattail":6,"minecraft:spruce_planks":3,"minecraft:crafting_table":3,"minecraft:grass_block":2,"minecraft:spruce_leaves":2,"minecraft:lily_pad":1,"minecraft:seagrass":2,"minecraft:spruce_log":26,"minecraft:grass":6,"projectvibrantjourneys:spruce_hollow_log":4,"projectvibrantjourneys:short_grass":5,"minecraft:dirt":4,"minecraft:stone":52,"minecraft:fern":2},"minecraft:dropped":{"marbledsarsenal:police_baton":3,"minecraft:cobblestone":24,"projectvibrantjourneys:light_brown_bark_mushroom":2,"minecraft:mutton":5,"minecraft:white_wool":6,"pointblank:m1911a1":2,"pointblank:ammo45acp":29},"minecraft:picked_up":{"minecraft:crafting_table":3,"minecraft:brown_wool":1,"minecraft:gunpowder":2,"minecraft:dirt":6,"marbledsarsenal:cm6m_gas_mask":1,"projectvibrantjourneys:spruce_hollow_log":4,"minecraft:string":1,"minecraft:moss_carpet":1,"minecraft:leather_boots":1,"minecraft:wheat_seeds":1,"minecraft:spruce_planks":1,"minecraft:stone_pickaxe":1,"projectvibrantjourneys:light_brown_bark_mushroom":4,"minecraft:stick":13,"marbledsarsenal:police_baton":3,"projectvibrantjourneys:bark_mushroom":3,"pointblank:gunmetal_nugget":17,"minecraft:spruce_sapling":11,"minecraft:spruce_log":38,"alexsmobs:animal_dictionary":1,"pointblank:m1911a1":2,"pointblank:ammo45acp":93,"minecraft:rotten_flesh":10,"projectvibrantjourneys:cattail":1,"minecraft:bread":8,"projectvibrantjourneys:orange_bark_mushroom":2,"minecraft:black_wool":1,"minecraft:mutton":13,"minecraft:white_wool":17,"minecraft:cobblestone":85},"minecraft:crafted":{"minecraft:crafting_table":3,"minecraft:spruce_planks":112,"minecraft:wooden_pickaxe":2,"minecraft:stone_axe":1,"minecraft:stick":12,"minecraft:stone_pickaxe":2,"minecraft:wooden_axe":1,"minecraft:stone_sword":1},"minecraft:killed_by":{"mutantmonsters:mutant_zombie":1,"minecraft:player":3,"minecraft:zombie":1,"hordes:zombie_player":1},"minecraft:custom":{"minecraft:mob_kills":16,"minecraft:interact_with_crafting_table":8,"minecraft:damage_dealt_resisted":98,"minecraft:time_since_death":5046,"minecraft:time_since_rest":5069,"minecraft:sprint_one_cm":70396,"minecraft:damage_taken":1475,"minecraft:walk_one_cm":66068,"minecraft:drop":11,"minecraft:damage_dealt":3164,"minecraft:swim_one_cm":11879,"minecraft:fly_one_cm":94906,"minecraft:crouch_one_cm":3968,"minecraft:play_time":27564,"minecraft:deaths":6,"minecraft:sneak_time":2942,"minecraft:walk_under_water_one_cm":3743,"minecraft:jump":435,"minecraft:walk_on_water_one_cm":10065,"minecraft:total_world_time":27564,"minecraft:fall_one_cm":13133},"minecraft:killed":{"hordes:zombie_player":2,"minecraft:zombie_villager":1,"minecraft:sheep":2,"minecraft:zombie":11}},"DataVersion":3465}