{"stats":{"minecraft:used":{"minecraft:stone_sword":131,"create:limestone":4,"minecraft:spruce_planks":102,"minecraft:chest":3,"minecraft:iron_sword":106,"minecraft:iron_chestplate":1,"minecraft:torch":63,"minecraft:dirt":5,"minecraft:tuff":1,"minecraft:wooden_axe":3,"minecraft:iron_helmet":1,"minecraft:iron_boots":1,"marbledsarsenal:police_baton":16,"better_mob_food:cooked_flesh":9,"minecraft:furnace":6,"minecraft:cobbled_deepslate":2,"minecraft:iron_leggings":1,"minecraft:calcite":1,"minecraft:cooked_mutton":2,"minecraft:spruce_door":4,"minecraft:stone_pickaxe":289,"minecraft:oak_planks":4,"minecraft:wooden_pickaxe":20,"minecraft:crafting_table":10,"minecraft:diamond_pickaxe":20,"minecraft:bread":1,"minecraft:iron_pickaxe":225,"minecraft:gravel":1,"minecraft:stone_axe":44,"minecraft:diamond_sword":7,"minecraft:cobblestone":125,"minecraft:andesite":44},"minecraft:mined":{"minecraft:tuff":1,"minecraft:spruce_planks":10,"minecraft:deepslate_diamond_ore":8,"projectvibrantjourneys:rocks":4,"psg:sulphur_ore":35,"minecraft:grass_block":10,"minecraft:spruce_leaves":5,"minecraft:redstone_ore":4,"minecraft:furnace":3,"minecraft:iron_ore":30,"minecraft:andesite":81,"minecraft:deepslate_iron_ore":16,"minecraft:stone":148,"create:limestone":7,"projectvibrantjourneys:cattail":6,"minecraft:deepslate_redstone_ore":3,"psg:potassium_ore":11,"minecraft:spruce_door":2,"minecraft:crafting_table":9,"minecraft:torch":1,"minecraft:calcite":1,"projectvibrantjourneys:mossy_rocks":3,"minecraft:copper_ore":28,"minecraft:cobblestone":18,"minecraft:lily_pad":1,"minecraft:oak_planks":1,"minecraft:wall_torch":8,"minecraft:seagrass":2,"minecraft:spruce_log":36,"minecraft:grass":6,"k_turrets:titanium_ore":18,"projectvibrantjourneys:spruce_hollow_log":4,"minecraft:coal_ore":111,"projectvibrantjourneys:short_grass":5,"minecraft:gravel":2,"minecraft:dirt":7,"minecraft:gold_ore":4,"minecraft:deepslate":4,"minecraft:fern":2},"minecraft:dropped":{"marbledsarsenal:police_baton":3,"minecraft:cobblestone":86,"minecraft:torch":14,"minecraft:mutton":5,"minecraft:iron_pickaxe":2,"minecraft:white_wool":6,"pointblank:m1911a1":2,"pointblank:ammo45acp":29,"projectvibrantjourneys:light_brown_bark_mushroom":2,"minecraft:stone_pickaxe":2},"minecraft:picked_up":{"minecraft:crafting_table":9,"minecraft:clay_ball":16,"minecraft:string":5,"minecraft:moss_carpet":1,"minecraft:raw_copper":108,"create:limestone":7,"minecraft:cobbled_deepslate":4,"minecraft:spruce_planks":12,"minecraft:calcite":1,"minecraft:iron_pickaxe":1,"minecraft:furnace":3,"minecraft:stick":13,"minecraft:raw_iron":46,"marbledsarsenal:police_baton":3,"minecraft:oak_door":1,"projectvibrantjourneys:bark_mushroom":3,"minecraft:torch":9,"pointblank:gunmetal_nugget":105,"psg:sulphur":150,"minecraft:redstone":31,"pointblank:ammo45acp":93,"pointblank:m1911a1":2,"minecraft:rotten_flesh":82,"k_turrets:raw_titanium":18,"projectvibrantjourneys:cattail":1,"minecraft:mutton":13,"minecraft:white_wool":17,"minecraft:cobblestone":243,"minecraft:andesite":78,"minecraft:brown_wool":1,"minecraft:tuff":1,"minecraft:gunpowder":8,"projectvibrantjourneys:rocks":1,"projectvibrantjourneys:spruce_hollow_log":4,"marbledsarsenal:cm6m_gas_mask":1,"minecraft:dirt":17,"minecraft:leather_boots":1,"minecraft:cooked_mutton":2,"minecraft:bone":7,"minecraft:wheat_seeds":1,"minecraft:raw_gold":4,"better_mob_food:cooked_flesh":8,"minecraft:stone_pickaxe":3,"minecraft:oak_planks":1,"projectvibrantjourneys:light_brown_bark_mushroom":5,"psg:raw_potassium":22,"minecraft:gravel":1,"minecraft:spruce_sapling":11,"minecraft:spruce_log":48,"alexsmobs:animal_dictionary":1,"minecraft:spider_eye":6,"minecraft:spruce_door":2,"minecraft:slime_ball":1,"minecraft:diamond":8,"minecraft:bread":8,"projectvibrantjourneys:orange_bark_mushroom":2,"minecraft:black_wool":1,"minecraft:coal":141,"minecraft:ender_pearl":1},"minecraft:broken":{"minecraft:stone_sword":1,"minecraft:stone_pickaxe":1},"minecraft:crafted":{"minecraft:oak_planks":68,"minecraft:furnace":3,"minecraft:iron_boots":1,"minecraft:stone_pickaxe":4,"minecraft:chest":3,"minecraft:diamond_sword":1,"minecraft:crafting_table":4,"pointblank:gunmetal_ingot":7,"minecraft:spruce_planks":196,"minecraft:wooden_pickaxe":2,"minecraft:iron_helmet":1,"minecraft:iron_sword":1,"minecraft:spruce_door":3,"better_mob_food:cooked_flesh":23,"minecraft:stone_axe":1,"minecraft:air":0,"minecraft:iron_chestplate":1,"minecraft:diamond_pickaxe":1,"minecraft:stick":40,"minecraft:iron_ingot":48,"minecraft:iron_pickaxe":2,"minecraft:wooden_axe":1,"minecraft:stone_sword":1,"minecraft:iron_leggings":1,"minecraft:torch":72},"minecraft:killed_by":{"mutantmonsters:mutant_zombie":1,"minecraft:player":6,"hordes:zombie_player":1,"minecraft:zombie":1},"minecraft:custom":{"minecraft:mob_kills":62,"minecraft:interact_with_crafting_table":32,"minecraft:damage_dealt_resisted":214,"minecraft:time_since_death":5515,"minecraft:sprint_one_cm":148778,"minecraft:walk_one_cm":345856,"minecraft:drop":17,"minecraft:play_time":111564,"minecraft:deaths":9,"minecraft:sneak_time":15612,"minecraft:walk_under_water_one_cm":3826,"minecraft:jump":1181,"minecraft:walk_on_water_one_cm":12763,"minecraft:total_world_time":111564,"minecraft:interact_with_furnace":29,"minecraft:sleep_in_bed":2,"minecraft:time_since_rest":5546,"minecraft:damage_taken":2505,"minecraft:damage_dealt":11715,"minecraft:player_kills":1,"minecraft:fly_one_cm":137178,"minecraft:swim_one_cm":11879,"minecraft:open_chest":49,"minecraft:crouch_one_cm":30422,"minecraft:fall_one_cm":26127},"minecraft:killed":{"hordes:zombie_player":4,"minecraft:zombie_villager":1,"minecraft:sheep":2,"minecraft:zombie":55}},"DataVersion":3465}