{"stats":{"minecraft:used":{"minecraft:crafting_table":1,"marbledsarsenal:police_baton":5},"minecraft:mined":{"minecraft:grass":1,"minecraft:spruce_leaves":1,"minecraft:spruce_log":5},"minecraft:dropped":{"minecraft:mutton":5,"minecraft:white_wool":6,"pointblank:m1911a1":1},"minecraft:picked_up":{"pointblank:m1911a1":1,"minecraft:spruce_log":5,"projectvibrantjourneys:orange_bark_mushroom":1,"minecraft:mutton":5,"minecraft:white_wool":6},"minecraft:crafted":{"minecraft:crafting_table":1,"minecraft:spruce_planks":20},"minecraft:custom":{"minecraft:time_since_rest":3564,"minecraft:crouch_one_cm":861,"minecraft:play_time":3564,"minecraft:sprint_one_cm":10808,"minecraft:walk_one_cm":13641,"minecraft:sneak_time":207,"minecraft:mob_kills":2,"minecraft:drop":3,"minecraft:jump":41,"minecraft:damage_dealt":140,"minecraft:time_since_death":3564,"minecraft:total_world_time":3564,"minecraft:interact_with_crafting_table":1,"minecraft:fall_one_cm":836,"minecraft:fly_one_cm":10287},"minecraft:killed":{"minecraft:sheep":2}},"DataVersion":3465}