{"stats":{"minecraft:mined":{"projectvibrantjourneys:cattail":6,"minecraft:deepslate_redstone_ore":3,"minecraft:tuff":1,"minecraft:spruce_planks":10,"minecraft:spruce_door":2,"projectvibrantjourneys:rocks":2,"psg:sulphur_ore":23,"minecraft:crafting_table":8,"minecraft:grass_block":10,"minecraft:calcite":1,"projectvibrantjourneys:mossy_rocks":2,"minecraft:copper_ore":17,"minecraft:cobblestone":11,"minecraft:spruce_leaves":5,"minecraft:lily_pad":1,"minecraft:oak_planks":1,"minecraft:wall_torch":7,"minecraft:seagrass":2,"minecraft:redstone_ore":4,"minecraft:furnace":2,"minecraft:iron_ore":20,"minecraft:spruce_log":36,"minecraft:andesite":66,"k_turrets:titanium_ore":10,"minecraft:grass":6,"projectvibrantjourneys:spruce_hollow_log":4,"minecraft:coal_ore":102,"projectvibrantjourneys:short_grass":5,"minecraft:gravel":1,"minecraft:dirt":6,"minecraft:stone":141,"minecraft:gold_ore":4,"create:limestone":4,"minecraft:fern":2},"minecraft:used":{"minecraft:calcite":1,"minecraft:cooked_mutton":2,"create:limestone":4,"minecraft:stone_sword":131,"minecraft:spruce_door":4,"minecraft:stone_pickaxe":289,"minecraft:oak_planks":4,"minecraft:iron_sword":66,"minecraft:chest":2,"minecraft:spruce_planks":83,"minecraft:wooden_pickaxe":20,"minecraft:torch":24,"minecraft:dirt":5,"minecraft:crafting_table":8,"minecraft:wooden_axe":3,"minecraft:bread":1,"minecraft:iron_pickaxe":118,"marbledsarsenal:police_baton":16,"minecraft:stone_axe":43,"minecraft:cobblestone":86,"minecraft:furnace":2,"minecraft:andesite":44},"minecraft:dropped":{"marbledsarsenal:police_baton":3,"minecraft:cobblestone":24,"projectvibrantjourneys:light_brown_bark_mushroom":2,"minecraft:torch":14,"minecraft:mutton":5,"minecraft:stone_pickaxe":2,"minecraft:iron_pickaxe":2,"minecraft:white_wool":6,"pointblank:m1911a1":2,"pointblank:ammo45acp":29},"minecraft:picked_up":{"minecraft:crafting_table":8,"minecraft:clay_ball":16,"minecraft:andesite":63,"minecraft:brown_wool":1,"minecraft:tuff":1,"minecraft:gunpowder":8,"minecraft:dirt":16,"marbledsarsenal:cm6m_gas_mask":1,"projectvibrantjourneys:spruce_hollow_log":4,"minecraft:string":4,"minecraft:moss_carpet":1,"minecraft:raw_copper":65,"create:limestone":4,"minecraft:cooked_mutton":2,"minecraft:leather_boots":1,"minecraft:bone":7,"minecraft:wheat_seeds":1,"minecraft:raw_gold":4,"minecraft:spruce_planks":12,"minecraft:stone_pickaxe":3,"minecraft:calcite":1,"minecraft:iron_pickaxe":1,"minecraft:oak_planks":1,"minecraft:furnace":2,"projectvibrantjourneys:light_brown_bark_mushroom":5,"minecraft:stick":13,"minecraft:raw_iron":20,"marbledsarsenal:police_baton":3,"minecraft:oak_door":1,"projectvibrantjourneys:bark_mushroom":3,"minecraft:torch":7,"psg:sulphur":98,"pointblank:gunmetal_nugget":96,"minecraft:spruce_sapling":11,"minecraft:spruce_log":48,"minecraft:redstone":31,"minecraft:spruce_door":2,"minecraft:spider_eye":5,"alexsmobs:animal_dictionary":1,"pointblank:m1911a1":2,"pointblank:ammo45acp":93,"minecraft:rotten_flesh":46,"minecraft:slime_ball":1,"k_turrets:raw_titanium":10,"projectvibrantjourneys:cattail":1,"minecraft:bread":8,"projectvibrantjourneys:orange_bark_mushroom":2,"minecraft:black_wool":1,"minecraft:mutton":13,"minecraft:coal":103,"minecraft:white_wool":17,"minecraft:cobblestone":183,"minecraft:ender_pearl":1},"minecraft:broken":{"minecraft:stone_pickaxe":1,"minecraft:stone_sword":1},"minecraft:crafted":{"minecraft:oak_planks":68,"minecraft:crafting_table":3,"minecraft:spruce_planks":196,"minecraft:wooden_pickaxe":2,"minecraft:iron_sword":1,"minecraft:spruce_door":3,"minecraft:furnace":1,"minecraft:stone_axe":1,"minecraft:air":0,"minecraft:stick":28,"minecraft:iron_pickaxe":2,"minecraft:iron_ingot":9,"minecraft:stone_pickaxe":4,"minecraft:wooden_axe":1,"minecraft:chest":2,"minecraft:stone_sword":1,"minecraft:torch":48},"minecraft:killed_by":{"mutantmonsters:mutant_zombie":1,"minecraft:player":5,"minecraft:zombie":1,"hordes:zombie_player":1},"minecraft:custom":{"minecraft:interact_with_furnace":9,"minecraft:mob_kills":52,"minecraft:interact_with_crafting_table":19,"minecraft:damage_dealt_resisted":214,"minecraft:time_since_death":11608,"minecraft:sleep_in_bed":2,"minecraft:time_since_rest":11641,"minecraft:sprint_one_cm":109842,"minecraft:damage_taken":2160,"minecraft:walk_one_cm":220615,"minecraft:drop":16,"minecraft:damage_dealt":9497,"minecraft:swim_one_cm":11879,"minecraft:fly_one_cm":120986,"minecraft:open_chest":12,"minecraft:crouch_one_cm":26576,"minecraft:play_time":75564,"minecraft:deaths":8,"minecraft:sneak_time":14182,"minecraft:walk_under_water_one_cm":3826,"minecraft:jump":885,"minecraft:walk_on_water_one_cm":12763,"minecraft:total_world_time":75564,"minecraft:fall_one_cm":22028},"minecraft:killed":{"hordes:zombie_player":3,"minecraft:zombie_villager":1,"minecraft:sheep":2,"minecraft:zombie":46}},"DataVersion":3465}