{"stats":{"minecraft:used":{"create:limestone":4,"minecraft:stone_sword":131,"minecraft:iron_shovel":94,"minecraft:chest":3,"minecraft:spruce_planks":113,"minecraft:iron_sword":106,"minecraft:cooked_chicken":1,"minecraft:iron_chestplate":1,"minecraft:torch":70,"minecraft:dirt":5,"ecologics:seashell":1,"minecraft:tuff":1,"minecraft:wooden_axe":3,"minecraft:iron_helmet":1,"minecraft:iron_boots":1,"marbledsarsenal:police_baton":16,"better_mob_food:cooked_flesh":9,"minecraft:furnace":6,"minecraft:cooked_beef":3,"minecraft:cobbled_deepslate":81,"minecraft:iron_leggings":1,"minecraft:calcite":1,"minecraft:cooked_mutton":2,"minecraft:spruce_door":4,"minecraft:stone_pickaxe":289,"minecraft:oak_planks":10,"minecraft:wooden_pickaxe":20,"minecraft:diamond_axe":8,"minecraft:golden_apple":1,"minecraft:crafting_table":10,"minecraft:cobbled_deepslate_stairs":3,"minecraft:diamond_pickaxe":541,"minecraft:bread":1,"minecraft:iron_pickaxe":225,"minecraft:gravel":1,"minecraft:stone_axe":51,"minecraft:diamond_sword":64,"minecraft:cobblestone":152,"minecraft:cobbled_deepslate_slab":22,"minecraft:andesite":44},"minecraft:dropped":{"minecraft:clock":2,"marbledsarsenal:police_baton":3,"minecraft:cobblestone":86,"minecraft:torch":14,"minecraft:mutton":5,"minecraft:iron_pickaxe":2,"minecraft:white_wool":6,"pointblank:m1911a1":2,"create:raw_zinc":14,"pointblank:ammo45acp":53,"minecraft:stone_sword":1,"minecraft:diamond_sword":1,"projectvibrantjourneys:light_brown_bark_mushroom":2,"minecraft:oak_sapling":1,"marbledsarsenal:helmet_cm6m_gas_mask":1,"tacz:ammo":110,"minecraft:stone_pickaxe":2,"ecologics:seashell":1},"minecraft:mined":{"create:zinc_ore":14,"create:deepslate_zinc_ore":1,"minecraft:tuff":18,"minecraft:spruce_planks":18,"minecraft:deepslate_diamond_ore":13,"minecraft:cobbled_deepslate_stairs":1,"projectvibrantjourneys:rocks":6,"psg:sulphur_ore":43,"minecraft:cobbled_deepslate_slab":2,"minecraft:glow_lichen":2,"minecraft:grass_block":65,"minecraft:spruce_leaves":5,"minecraft:moss_block":16,"minecraft:large_fern":1,"minecraft:redstone_ore":18,"minecraft:furnace":3,"minecraft:iron_ore":58,"minecraft:cobbled_deepslate":15,"minecraft:andesite":185,"minecraft:moss_carpet":1,"minecraft:deepslate_lapis_ore":4,"minecraft:cave_vines":1,"minecraft:dirt_path":1,"minecraft:deepslate_iron_ore":40,"minecraft:azalea":1,"minecraft:stone":207,"create:limestone":11,"projectvibrantjourneys:cattail":6,"minecraft:deepslate_redstone_ore":3,"minecraft:flowering_azalea":1,"psg:potassium_ore":11,"minecraft:spruce_door":2,"minecraft:crafting_table":9,"minecraft:torch":1,"minecraft:calcite":1,"projectvibrantjourneys:mossy_rocks":6,"minecraft:stone_slab":2,"minecraft:tall_grass":3,"minecraft:copper_ore":42,"minecraft:cobblestone":34,"minecraft:lapis_ore":9,"minecraft:deepslate_gold_ore":4,"minecraft:lily_pad":1,"minecraft:oak_planks":6,"minecraft:wall_torch":10,"minecraft:deepslate_copper_ore":6,"minecraft:seagrass":2,"minecraft:spruce_log":36,"k_turrets:titanium_ore":18,"minecraft:grass":17,"projectvibrantjourneys:spruce_hollow_log":4,"minecraft:coal_ore":111,"projectvibrantjourneys:short_grass":12,"minecraft:gravel":5,"minecraft:dirt":48,"minecraft:gold_ore":7,"minecraft:deepslate":132,"minecraft:fern":4},"minecraft:killed":{"hordes:zombie_player":5,"minecraft:zombie_villager":1,"minecraft:sheep":2,"minecraft:zombie":63},"minecraft:broken":{"minecraft:stone_sword":1,"minecraft:stone_pickaxe":1},"minecraft:killed_by":{"mutantmonsters:mutant_zombie":1,"minecraft:player":7,"hordes:zombie_player":1,"minecraft:zombie":1},"minecraft:custom":{"minecraft:mob_kills":71,"minecraft:interact_with_crafting_table":46,"minecraft:damage_dealt_resisted":274,"minecraft:leave_game":2,"minecraft:time_since_death":57489,"minecraft:sprint_one_cm":187580,"minecraft:walk_one_cm":627569,"minecraft:drop":30,"minecraft:play_time":192783,"minecraft:deaths":10,"minecraft:sneak_time":20859,"minecraft:walk_under_water_one_cm":14037,"minecraft:jump":1774,"minecraft:interact_with_blast_furnace":1,"minecraft:walk_on_water_one_cm":18442,"minecraft:total_world_time":192783,"minecraft:interact_with_furnace":40,"minecraft:sleep_in_bed":6,"minecraft:time_since_rest":23713,"minecraft:damage_taken":3077,"minecraft:damage_dealt":14014,"minecraft:swim_one_cm":15129,"minecraft:fly_one_cm":162614,"minecraft:player_kills":2,"minecraft:open_chest":115,"minecraft:crouch_one_cm":51445,"minecraft:interact_with_smoker":3,"minecraft:fall_one_cm":36039},"minecraft:crafted":{"minecraft:cobbled_deepslate_slab":48,"minecraft:oak_planks":68,"minecraft:furnace":3,"minecraft:iron_boots":1,"minecraft:stone_pickaxe":4,"minecraft:chest":3,"minecraft:cobbled_deepslate_stairs":4,"minecraft:diamond_sword":1,"minecraft:diamond_axe":1,"minecraft:crafting_table":4,"pointblank:gunmetal_ingot":7,"minecraft:spruce_planks":196,"minecraft:wooden_pickaxe":2,"minecraft:iron_helmet":1,"minecraft:iron_sword":1,"minecraft:spruce_door":3,"better_mob_food:cooked_flesh":23,"minecraft:stone_axe":1,"minecraft:air":0,"minecraft:iron_chestplate":1,"minecraft:diamond_pickaxe":1,"minecraft:stick":48,"minecraft:iron_ingot":48,"minecraft:iron_pickaxe":2,"minecraft:wooden_axe":1,"minecraft:stone_sword":1,"minecraft:iron_shovel":1,"minecraft:iron_leggings":1,"minecraft:torch":92},"minecraft:picked_up":{"minecraft:crafting_table":9,"minecraft:iron_chestplate":1,"minecraft:clay_ball":16,"minecraft:stone_slab":2,"minecraft:diamond_sword":2,"ecologics:seashell":2,"marbledsarsenal:swat_armor_chestplate":1,"minecraft:string":5,"minecraft:moss_carpet":4,"minecraft:raw_copper":165,"create:limestone":11,"minecraft:iron_leggings":1,"tacz:ammo":395,"minecraft:cobbled_deepslate":148,"minecraft:spruce_planks":46,"minecraft:white_tulip":1,"minecraft:calcite":1,"minecraft:azalea":1,"minecraft:iron_pickaxe":2,"minecraft:iron_boots":1,"minecraft:furnace":3,"minecraft:stick":19,"minecraft:raw_iron":101,"marbledsarsenal:police_baton":3,"minecraft:oak_door":1,"projectvibrantjourneys:bark_mushroom":3,"minecraft:torch":12,"pointblank:gunmetal_nugget":138,"psg:sulphur":186,"minecraft:redstone":97,"marbledsarsenal:helmet_cm8m_gas_mask":1,"pointblank:ammo45acp":117,"pointblank:m1911a1":2,"minecraft:stone_sword":1,"minecraft:rotten_flesh":87,"k_turrets:raw_titanium":18,"projectvibrantjourneys:cattail":1,"minecraft:mutton":13,"minecraft:white_wool":17,"minecraft:cobblestone":316,"minecraft:clock":2,"minecraft:cooked_beef":3,"minecraft:glow_ink_sac":2,"minecraft:andesite":182,"minecraft:brown_wool":1,"marbledsarsenal:swat_armor_boots":1,"minecraft:oak_log":40,"minecraft:tuff":18,"create:raw_zinc":15,"minecraft:cobbled_deepslate_stairs":1,"minecraft:gunpowder":10,"projectvibrantjourneys:rocks":1,"minecraft:dirt":114,"minecraft:lapis_lazuli":93,"marbledsarsenal:cm6m_gas_mask":1,"projectvibrantjourneys:spruce_hollow_log":4,"marbledsarsenal:helmet_cm6m_gas_mask":1,"minecraft:leather_boots":1,"minecraft:cooked_mutton":3,"minecraft:bone":7,"minecraft:cobbled_deepslate_slab":4,"minecraft:wheat_seeds":5,"minecraft:raw_gold":11,"better_mob_food:cooked_flesh":8,"minecraft:cooked_chicken":1,"minecraft:stone_pickaxe":3,"minecraft:moss_block":20,"minecraft:flowering_azalea":2,"minecraft:oak_planks":6,"projectvibrantjourneys:light_brown_bark_mushroom":5,"marbledsarsenal:swat_armor_leggings":1,"psg:raw_potassium":22,"minecraft:gravel":4,"minecraft:spruce_sapling":11,"minecraft:spruce_log":48,"alexsmobs:animal_dictionary":1,"minecraft:spruce_door":2,"minecraft:spider_eye":7,"minecraft:slime_ball":1,"minecraft:diamond":13,"tacz:modern_kinetic_gun":1,"minecraft:stone_axe":1,"minecraft:iron_helmet":1,"minecraft:golden_apple":1,"minecraft:bread":8,"minecraft:oak_sapling":9,"projectvibrantjourneys:orange_bark_mushroom":2,"minecraft:black_wool":1,"minecraft:coal":146,"minecraft:diamond_pickaxe":1,"minecraft:ender_pearl":1}},"DataVersion":3465}