{"stats":{"minecraft:used":{"minecraft:chest":14,"minecraft:iron_sword":205,"minecraft:carrot":14,"minecraft:milk_bucket":1,"marbledsarsenal:swat_armor_chestplate":1,"marbledsarsenal:police_baton":16,"pointblank:workstation":1,"minecraft:sweet_berries":27,"minecraft:egg":6,"minecraft:stone_pickaxe":366,"minecraft:golden_apple":3,"minecraft:blast_furnace":3,"minecraft:shears":7,"minecraft:birch_slab":10,"minecraft:bread":7,"minecraft:wooden_sword":46,"minecraft:andesite":2,"minecraft:enchanting_table":2,"minecraft:stone_sword":130,"tacz:gun_smith_table":3,"minecraft:cooked_chicken":3,"marbledsarsenal:cm7m_gas_mask":1,"minecraft:dirt":20,"minecraft:wooden_axe":7,"alexsmobs:maggot":1,"minecraft:bookshelf":15,"minecraft:iron_axe":43,"better_mob_food:cooked_flesh":6,"minecraft:cooked_beef":10,"minecraft:wheat_seeds":13,"minecraft:cooked_mutton":15,"minecraft:water_bucket":4,"pointblank:printer":1,"marbledsarsenal:swat_armor_boots":1,"minecraft:crafting_table":2,"minecraft:campfire":1,"minecraft:white_bed":3,"minecraft:smoker":1,"minecraft:oak_log":6,"minecraft:diamond_pickaxe":30,"minecraft:iron_pickaxe":738,"minecraft:stone_axe":34,"minecraft:cobblestone":160,"minecraft:cooked_porkchop":3,"max_armory:diamond_katana":103,"minecraft:bucket":5},"minecraft:dropped":{"minecraft:cooked_beef":9,"minecraft:diamond":2,"minecraft:cooked_porkchop":4,"marbledsarsenal:hazmat_armor_chestplate":1,"marbledsarsenal:swat_armor_boots":1,"marbledsarsenal:helmet_cm8m_gas_mask":1,"projectvibrantjourneys:orange_bark_mushroom":4,"minecraft:dirt":22,"minecraft:iron_pickaxe":1,"minecraft:cooked_chicken":1,"minecraft:rotten_flesh":1,"minecraft:cooked_mutton":4,"projectvibrantjourneys:cattail":3,"minecraft:iron_ingot":6,"minecraft:clock":1,"minecraft:cobblestone":63,"minecraft:golden_apple":3,"minecraft:stick":8,"minecraft:milk_bucket":1,"tacz:modern_kinetic_gun":2,"minecraft:iron_axe":1,"minecraft:lily_pad":1,"create:raw_zinc":1,"minecraft:sweet_berries":16,"minecraft:stone_sword":1,"marbledsarsenal:swat_armor_chestplate":1,"marbledsarsenal:swat_armor_leggings":1,"minecraft:clay_ball":12,"pointblank:gunmetal_nugget":12,"max_armory:diamond_katana":2,"minecraft:diamond_pickaxe":1,"minecraft:oak_sapling":1,"marbledsarsenal:helmet_cm6m_gas_mask":1,"tacz:ammo":480,"minecraft:stone_pickaxe":1},"minecraft:mined":{"minecraft:large_amethyst_bud":3,"create:deepslate_zinc_ore":1,"minecraft:spruce_planks":1,"minecraft:jungle_slab":1,"minecraft:obsidian":6,"minecraft:grass_block":2,"tacz:gun_smith_table":2,"minecraft:iron_ore":75,"minecraft:cobbled_deepslate":2,"minecraft:moss_carpet":1,"minecraft:pumpkin":7,"minecraft:deepslate_lapis_ore":12,"minecraft:enchanting_table":1,"create:asurine":12,"projectvibrantjourneys:cattail":5,"minecraft:deepslate_redstone_ore":4,"minecraft:brown_mushroom":1,"minecraft:medium_amethyst_bud":1,"minecraft:amethyst_cluster":2,"minecraft:blast_furnace":2,"minecraft:cobblestone":81,"minecraft:sugar_cane":3,"minecraft:amethyst_block":8,"minecraft:birch_log":7,"minecraft:wheat":21,"projectvibrantjourneys:bones":11,"minecraft:grass":76,"minecraft:oak_log":66,"projectvibrantjourneys:short_grass":33,"minecraft:beetroots":3,"minecraft:sand":8,"minecraft:dirt":26,"minecraft:smooth_basalt":1,"create:crimsite":1,"minecraft:oak_leaves":29,"minecraft:deepslate":43,"create:zinc_ore":1,"minecraft:tuff":3,"minecraft:deepslate_diamond_ore":28,"projectvibrantjourneys:rocks":5,"psg:sulphur_ore":13,"minecraft:spruce_fence":1,"minecraft:birch_slab":4,"minecraft:spruce_leaves":2,"minecraft:red_mushroom":1,"minecraft:hay_block":21,"minecraft:carrots":18,"minecraft:andesite":43,"minecraft:bookshelf":7,"minecraft:potatoes":9,"minecraft:deepslate_iron_ore":98,"minecraft:stripped_oak_log":7,"minecraft:stone":350,"psg:potassium_ore":37,"minecraft:stripped_dark_oak_log":4,"psg:deepslate_sulphur_ore":14,"minecraft:crafting_table":2,"projectvibrantjourneys:mossy_rocks":3,"minecraft:campfire":1,"minecraft:stone_slab":2,"minecraft:tall_grass":6,"minecraft:copper_ore":13,"minecraft:deepslate_coal_ore":3,"minecraft:deepslate_gold_ore":32,"minecraft:lily_pad":1,"minecraft:spruce_stairs":1,"k_turrets:deepslate_titanium_ore":1,"minecraft:sweet_berry_bush":13,"minecraft:spruce_log":19,"k_turrets:titanium_ore":7,"projectvibrantjourneys:spruce_hollow_log":1,"minecraft:coal_ore":178,"pointblank:workstation":1,"pointblank:printer":1,"minecraft:fern":6},"minecraft:killed":{"minecraft:chicken":1,"minecraft:pig":3,"minecraft:zombie_villager":5,"minecraft:sheep":18,"minecraft:zombie":169,"alexsmobs:fly":3,"minecraft:cow":1,"hordes:zombie_player":8,"dweller_dweller:dweller_dweller":1,"minecraft:drowned":1,"alexsmobs:gelada_monkey":1,"alexsmobs:cockroach":1,"alexsmobs:crocodile":1},"minecraft:broken":{"minecraft:stone_pickaxe":2,"minecraft:stone_sword":1,"minecraft:iron_pickaxe":2},"minecraft:killed_by":{"minecraft:zombie":2,"minecraft:player":2},"minecraft:custom":{"minecraft:animals_bred":4,"minecraft:interact_with_crafting_table":123,"minecraft:open_barrel":16,"minecraft:leave_game":2,"minecraft:time_since_death":331835,"minecraft:sprint_one_cm":765022,"minecraft:drop":68,"minecraft:talked_to_villager":4,"minecraft:play_time":446113,"minecraft:deaths":5,"minecraft:jump":4143,"minecraft:walk_on_water_one_cm":44232,"minecraft:enchant_item":2,"minecraft:interact_with_furnace":221,"minecraft:sleep_in_bed":10,"minecraft:damage_dealt":21786,"minecraft:player_kills":9,"minecraft:crouch_one_cm":24064,"minecraft:interact_with_smoker":6,"minecraft:mob_kills":214,"minecraft:interact_with_campfire":2,"minecraft:damage_dealt_resisted":498,"minecraft:climb_one_cm":5025,"minecraft:walk_one_cm":1566051,"minecraft:sneak_time":10431,"minecraft:walk_under_water_one_cm":13294,"minecraft:interact_with_blast_furnace":151,"minecraft:total_world_time":446113,"minecraft:time_since_rest":17798,"minecraft:damage_taken":3513,"minecraft:damage_absorbed":60,"minecraft:swim_one_cm":8736,"minecraft:fly_one_cm":609423,"minecraft:open_chest":514,"minecraft:fall_one_cm":73790},"minecraft:crafted":{"minecraft:smooth_stone":3,"minecraft:oak_planks":352,"marbledsarsenal:swat_armor_chestplate":2,"minecraft:cooked_chicken":3,"minecraft:birch_slab":6,"minecraft:stone":3,"minecraft:bookshelf":21,"minecraft:cooked_mutton":33,"minecraft:glass":6,"psg:potassium":31,"minecraft:chest":14,"marbledsapi:steel_ingot":67,"minecraft:smoker":1,"pointblank:printer":1,"pointblank:gunmetal_mesh":40,"minecraft:cooked_porkchop":11,"minecraft:crafting_table":1,"minecraft:spruce_planks":76,"psg:saltpetre":54,"minecraft:clock":1,"minecraft:copper_ingot":304,"minecraft:birch_planks":16,"minecraft:campfire":1,"marbledsapi:raw_steel":67,"max_armory:diamond_katana":2,"minecraft:book":1,"minecraft:charcoal":2,"minecraft:diamond_pickaxe":3,"minecraft:stick":28,"minecraft:iron_ingot":307,"minecraft:iron_pickaxe":5,"minecraft:iron_block":1,"minecraft:stone_sword":2,"minecraft:gold_ingot":89,"marbledsarsenal:gas_mask_filter":4,"minecraft:shears":1,"marbledsarsenal:combat_helmet":3,"marbledsarsenal:swat_armor_leggings":2,"minecraft:iron_nugget":72,"minecraft:furnace":2,"minecraft:blast_furnace":1,"minecraft:bone_meal":87,"minecraft:glass_pane":16,"marbledsarsenal:swat_armor_boots":2,"minecraft:iron_axe":2,"minecraft:stone_pickaxe":3,"marbledsarsenal:cm7m_gas_mask":1,"marbledsarsenal:helmet_cm6m_gas_mask":1,"minecraft:wheat":378,"minecraft:cooked_beef":30,"marbledsarsenal:hazmat_armor_chestplate":1,"marbledsapi:steel_sheet":28,"max_armory:handle":2,"pointblank:gunmetal_ingot":45,"pointblank:processor":1,"minecraft:enchanting_table":1,"minecraft:iron_sword":1,"better_mob_food:cooked_flesh":18,"marbledsarsenal:helmet_cm8m_gas_mask":1,"tacz:gun_smith_table":1,"minecraft:cooked_salmon":2,"minecraft:bucket":2,"minecraft:stone_axe":1,"minecraft:bread":124,"minecraft:air":0,"marbledsarsenal:helmet_cm7m_gas_mask":1,"minecraft:blue_dye":6,"minecraft:golden_apple":6,"minecraft:raw_gold":18,"minecraft:gunpowder":78,"minecraft:wooden_axe":1,"minecraft:white_bed":4,"marbledsarsenal:cm8m_gas_mask":1},"minecraft:picked_up":{"minecraft:wooden_axe":1,"minecraft:wheat":5,"minecraft:stone_slab":3,"minecraft:lead":13,"minecraft:amethyst_block":8,"minecraft:string":10,"minecraft:raw_copper":47,"minecraft:cobbled_deepslate":43,"minecraft:bucket":1,"minecraft:spruce_planks":7,"pointblank:workstation":1,"minecraft:stick":24,"marbledsarsenal:police_baton":2,"minecraft:porkchop":18,"psg:sulphur":106,"marbledsapi:rubber":2,"pointblank:m1911a1":1,"pointblank:ammo45acp":128,"minecraft:rotten_flesh":234,"create:asurine":12,"projectvibrantjourneys:cattail":3,"minecraft:obsidian":6,"minecraft:cobblestone":584,"minecraft:birch_log":4,"minecraft:enchanting_table":1,"minecraft:feather":1,"minecraft:cooked_beef":4,"minecraft:birch_slab":4,"minecraft:andesite":43,"minecraft:brown_wool":1,"minecraft:potato":9,"minecraft:tuff":3,"create:raw_zinc":2,"max_armory:diamond_katana":1,"minecraft:lapis_lazuli":86,"minecraft:dirt":31,"minecraft:leather_boots":2,"minecraft:bone":36,"minecraft:wheat_seeds":39,"minecraft:raw_gold":32,"tacz:gun_smith_table":2,"minecraft:oak_planks":29,"psg:raw_potassium":77,"minecraft:sand":8,"overworld_netherite_ore:large_ancient_shard":1,"minecraft:jungle_slab":1,"alexsmobs:animal_dictionary":2,"create:crimsite":1,"minecraft:diamond":28,"minecraft:bread":16,"alexsmobs:maggot":3,"minecraft:oak_sapling":10,"minecraft:oak_leaves":7,"minecraft:charcoal":2,"minecraft:crafting_table":3,"minecraft:chicken":5,"minecraft:clay_ball":12,"minecraft:brown_mushroom":1,"minecraft:wooden_pickaxe":2,"minecraft:moss_carpet":1,"minecraft:wooden_sword":1,"tacz:ammo":1080,"minecraft:beef":13,"minecraft:sugar_cane":7,"minecraft:phantom_membrane":3,"minecraft:egg":5,"minecraft:raw_iron":206,"projectvibrantjourneys:bark_mushroom":3,"minecraft:copper_ingot":1,"minecraft:spruce_fence":1,"pointblank:gunmetal_nugget":189,"minecraft:carrot":21,"minecraft:redstone":19,"minecraft:beetroot_seeds":3,"k_turrets:raw_titanium":8,"minecraft:hay_block":53,"minecraft:mutton":46,"minecraft:white_wool":41,"minecraft:stripped_oak_log":7,"minecraft:salmon":2,"dweller_dweller:dweller_dweller_tooth":1,"minecraft:leather":6,"minecraft:red_mushroom":1,"minecraft:oak_log":108,"overworld_netherite_ore:ancientdebrispiece":3,"minecraft:lily_pad":1,"minecraft:gunpowder":34,"marbledsarsenal:cm6m_gas_mask":3,"projectvibrantjourneys:spruce_hollow_log":1,"minecraft:apple":4,"alexsmobs:cockroach_wing_fragment":1,"minecraft:stone_pickaxe":2,"minecraft:cooked_chicken":3,"minecraft:book":65,"minecraft:smooth_basalt":1,"minecraft:pumpkin":5,"minecraft:sweet_berries":32,"minecraft:amethyst_shard":8,"minecraft:spruce_sapling":9,"minecraft:blast_furnace":2,"minecraft:spruce_log":30,"pointblank:printer":1,"minecraft:spider_eye":6,"minecraft:slime_ball":6,"tacz:modern_kinetic_gun":5,"projectvibrantjourneys:orange_bark_mushroom":7,"minecraft:black_wool":2,"minecraft:coal":351,"minecraft:ender_pearl":4}},"DataVersion":3465}