{"stats":{"minecraft:used":{"minecraft:cooked_mutton":4,"minecraft:stone_sword":20,"minecraft:stone_pickaxe":215,"minecraft:chest":1,"minecraft:dirt":8,"minecraft:crafting_table":1,"minecraft:white_bed":3,"minecraft:birch_slab":7,"minecraft:iron_pickaxe":8,"minecraft:bread":3,"marbledsarsenal:police_baton":16,"minecraft:wooden_sword":46,"minecraft:cobblestone":13},"minecraft:mined":{"create:zinc_ore":1,"projectvibrantjourneys:cattail":5,"psg:sulphur_ore":13,"minecraft:grass_block":1,"projectvibrantjourneys:mossy_rocks":2,"minecraft:copper_ore":5,"minecraft:cobblestone":7,"minecraft:tall_grass":2,"minecraft:birch_slab":3,"minecraft:spruce_leaves":2,"minecraft:sugar_cane":3,"minecraft:birch_log":7,"minecraft:iron_ore":4,"projectvibrantjourneys:bones":1,"minecraft:spruce_log":19,"minecraft:andesite":36,"create:asurine":1,"minecraft:grass":11,"projectvibrantjourneys:spruce_hollow_log":1,"minecraft:coal_ore":37,"projectvibrantjourneys:short_grass":6,"minecraft:dirt":26,"minecraft:stone":112,"minecraft:fern":1},"minecraft:dropped":{"minecraft:stone_sword":1,"minecraft:cobblestone":17,"projectvibrantjourneys:orange_bark_mushroom":2,"minecraft:stone_pickaxe":1,"projectvibrantjourneys:cattail":3},"minecraft:picked_up":{"minecraft:wooden_axe":1,"minecraft:birch_log":4,"minecraft:crafting_table":1,"minecraft:feather":1,"minecraft:chicken":1,"minecraft:birch_slab":3,"minecraft:andesite":36,"minecraft:brown_wool":1,"minecraft:wooden_pickaxe":2,"create:raw_zinc":1,"minecraft:gunpowder":2,"marbledsarsenal:cm6m_gas_mask":2,"projectvibrantjourneys:spruce_hollow_log":1,"minecraft:dirt":30,"minecraft:string":2,"minecraft:moss_carpet":1,"minecraft:raw_copper":18,"minecraft:wooden_sword":1,"minecraft:leather_boots":2,"minecraft:bone":1,"minecraft:wheat_seeds":3,"minecraft:spruce_planks":6,"minecraft:stone_pickaxe":2,"minecraft:sugar_cane":7,"minecraft:stick":12,"minecraft:raw_iron":4,"marbledsarsenal:police_baton":2,"projectvibrantjourneys:bark_mushroom":1,"psg:sulphur":58,"minecraft:porkchop":7,"pointblank:gunmetal_nugget":18,"minecraft:spruce_sapling":9,"overworld_netherite_ore:large_ancient_shard":1,"minecraft:spruce_log":30,"minecraft:spider_eye":1,"alexsmobs:animal_dictionary":2,"pointblank:m1911a1":1,"pointblank:ammo45acp":128,"minecraft:rotten_flesh":13,"create:asurine":1,"projectvibrantjourneys:cattail":3,"minecraft:bread":16,"alexsmobs:maggot":1,"projectvibrantjourneys:orange_bark_mushroom":4,"minecraft:black_wool":2,"minecraft:mutton":25,"minecraft:coal":37,"minecraft:white_wool":13,"minecraft:cobblestone":193},"minecraft:broken":{"minecraft:stone_pickaxe":1},"minecraft:crafted":{"minecraft:oak_planks":12,"minecraft:crafting_table":1,"minecraft:spruce_planks":76,"minecraft:birch_slab":6,"minecraft:birch_planks":16,"minecraft:cooked_mutton":13,"minecraft:air":0,"minecraft:stick":8,"minecraft:iron_pickaxe":1,"minecraft:iron_ingot":3,"minecraft:stone_pickaxe":3,"minecraft:stone_sword":2,"minecraft:chest":1,"minecraft:white_bed":4},"minecraft:killed_by":{"minecraft:zombie":2},"minecraft:custom":{"minecraft:interact_with_furnace":6,"minecraft:mob_kills":27,"minecraft:interact_with_crafting_table":15,"minecraft:damage_dealt_resisted":42,"minecraft:time_since_death":37484,"minecraft:sleep_in_bed":1,"minecraft:time_since_rest":24925,"minecraft:sprint_one_cm":130687,"minecraft:damage_taken":915,"minecraft:walk_one_cm":212426,"minecraft:drop":8,"minecraft:damage_dealt":4201,"minecraft:swim_one_cm":6873,"minecraft:player_kills":4,"minecraft:fly_one_cm":162525,"minecraft:open_chest":28,"minecraft:crouch_one_cm":4939,"minecraft:play_time":64100,"minecraft:deaths":3,"minecraft:sneak_time":3482,"minecraft:walk_under_water_one_cm":7336,"minecraft:jump":859,"minecraft:walk_on_water_one_cm":25683,"minecraft:total_world_time":64100,"minecraft:fall_one_cm":23459},"minecraft:killed":{"minecraft:pig":3,"hordes:zombie_player":3,"minecraft:zombie_villager":1,"minecraft:sheep":7,"minecraft:zombie":11,"minecraft:chicken":1,"alexsmobs:fly":1}},"DataVersion":3465}