{"stats":{"minecraft:used":{"marbledsarsenal:police_baton":8},"minecraft:mined":{"minecraft:grass":2,"minecraft:spruce_leaves":2,"minecraft:spruce_log":9},"minecraft:picked_up":{"minecraft:spruce_sapling":5,"minecraft:spruce_log":9,"minecraft:mutton":12},"minecraft:custom":{"minecraft:jump":31,"minecraft:time_since_rest":4100,"minecraft:damage_dealt":320,"minecraft:sprint_one_cm":9481,"minecraft:play_time":4100,"minecraft:time_since_death":4100,"minecraft:walk_one_cm":17951,"minecraft:total_world_time":4100,"minecraft:mob_kills":4,"minecraft:fall_one_cm":627,"minecraft:fly_one_cm":8008},"minecraft:killed":{"minecraft:sheep":4}},"DataVersion":3465}