{"stats":{"minecraft:used":{"minecraft:cooked_mutton":5,"minecraft:stone_sword":96,"minecraft:stone_pickaxe":241,"minecraft:chest":1,"minecraft:cooked_chicken":1,"minecraft:dirt":8,"minecraft:crafting_table":1,"minecraft:white_bed":3,"alexsmobs:maggot":1,"minecraft:birch_slab":9,"minecraft:iron_pickaxe":73,"minecraft:bread":3,"better_mob_food:cooked_flesh":2,"marbledsarsenal:police_baton":16,"minecraft:wooden_sword":46,"minecraft:cobblestone":31},"minecraft:mined":{"create:zinc_ore":1,"projectvibrantjourneys:cattail":5,"minecraft:deepslate_redstone_ore":4,"minecraft:deepslate_diamond_ore":12,"psg:deepslate_sulphur_ore":7,"psg:sulphur_ore":13,"minecraft:grass_block":1,"projectvibrantjourneys:mossy_rocks":2,"minecraft:copper_ore":5,"minecraft:cobblestone":8,"minecraft:tall_grass":2,"minecraft:birch_slab":3,"minecraft:spruce_leaves":2,"minecraft:deepslate_gold_ore":7,"minecraft:sugar_cane":3,"minecraft:birch_log":7,"minecraft:iron_ore":19,"projectvibrantjourneys:bones":2,"minecraft:spruce_log":19,"minecraft:andesite":36,"minecraft:moss_carpet":1,"minecraft:deepslate_lapis_ore":1,"minecraft:deepslate_iron_ore":22,"create:asurine":1,"minecraft:grass":11,"projectvibrantjourneys:spruce_hollow_log":1,"minecraft:coal_ore":37,"projectvibrantjourneys:short_grass":6,"minecraft:dirt":26,"minecraft:stone":112,"minecraft:deepslate":16,"minecraft:fern":1},"minecraft:dropped":{"minecraft:stone_sword":1,"minecraft:cobblestone":63,"minecraft:cooked_mutton":2,"projectvibrantjourneys:orange_bark_mushroom":2,"minecraft:stone_pickaxe":1,"projectvibrantjourneys:cattail":3},"minecraft:picked_up":{"minecraft:wooden_axe":1,"minecraft:birch_log":4,"minecraft:crafting_table":1,"minecraft:feather":1,"minecraft:chicken":1,"minecraft:birch_slab":3,"minecraft:andesite":36,"minecraft:brown_wool":1,"minecraft:wooden_pickaxe":2,"overworld_netherite_ore:ancientdebrispiece":1,"create:raw_zinc":1,"minecraft:gunpowder":7,"minecraft:lapis_lazuli":9,"marbledsarsenal:cm6m_gas_mask":2,"projectvibrantjourneys:spruce_hollow_log":1,"minecraft:dirt":30,"minecraft:string":2,"minecraft:moss_carpet":1,"minecraft:raw_copper":18,"minecraft:wooden_sword":1,"minecraft:leather_boots":2,"minecraft:bone":2,"minecraft:cooked_chicken":3,"minecraft:wheat_seeds":3,"minecraft:cobbled_deepslate":15,"minecraft:raw_gold":7,"minecraft:spruce_planks":6,"minecraft:stone_pickaxe":2,"minecraft:sugar_cane":7,"minecraft:stick":12,"minecraft:raw_iron":41,"marbledsarsenal:police_baton":2,"psg:raw_potassium":4,"projectvibrantjourneys:bark_mushroom":1,"psg:sulphur":95,"minecraft:porkchop":7,"pointblank:gunmetal_nugget":31,"minecraft:spruce_sapling":9,"minecraft:redstone":19,"overworld_netherite_ore:large_ancient_shard":1,"minecraft:spruce_log":30,"minecraft:spider_eye":1,"alexsmobs:animal_dictionary":2,"pointblank:m1911a1":1,"pointblank:ammo45acp":128,"minecraft:rotten_flesh":35,"minecraft:diamond":12,"create:asurine":1,"projectvibrantjourneys:cattail":3,"minecraft:bread":16,"alexsmobs:maggot":1,"projectvibrantjourneys:orange_bark_mushroom":4,"minecraft:black_wool":2,"minecraft:mutton":25,"minecraft:coal":37,"minecraft:white_wool":13,"minecraft:cobblestone":256},"minecraft:broken":{"minecraft:stone_pickaxe":2},"minecraft:crafted":{"minecraft:oak_planks":12,"minecraft:crafting_table":1,"minecraft:spruce_planks":76,"minecraft:birch_slab":6,"better_mob_food:cooked_flesh":7,"minecraft:furnace":1,"minecraft:birch_planks":16,"minecraft:cooked_mutton":13,"minecraft:air":0,"minecraft:stick":8,"minecraft:iron_pickaxe":1,"minecraft:iron_ingot":3,"minecraft:stone_pickaxe":3,"minecraft:stone_sword":2,"minecraft:chest":1,"minecraft:white_bed":4},"minecraft:killed_by":{"minecraft:zombie":2},"minecraft:custom":{"minecraft:interact_with_furnace":8,"minecraft:mob_kills":42,"minecraft:interact_with_crafting_table":16,"minecraft:damage_dealt_resisted":122,"minecraft:time_since_death":61484,"minecraft:sleep_in_bed":1,"minecraft:time_since_rest":48925,"minecraft:sprint_one_cm":153335,"minecraft:damage_taken":1140,"minecraft:walk_one_cm":317073,"minecraft:drop":11,"minecraft:damage_dealt":7012,"minecraft:swim_one_cm":6873,"minecraft:player_kills":5,"minecraft:fly_one_cm":171457,"minecraft:open_chest":39,"minecraft:crouch_one_cm":6256,"minecraft:play_time":88100,"minecraft:deaths":3,"minecraft:sneak_time":4787,"minecraft:walk_under_water_one_cm":7336,"minecraft:jump":1145,"minecraft:walk_on_water_one_cm":27788,"minecraft:total_world_time":88100,"minecraft:fall_one_cm":26043},"minecraft:killed":{"minecraft:pig":3,"hordes:zombie_player":4,"minecraft:zombie_villager":1,"minecraft:sheep":7,"minecraft:zombie":24,"minecraft:chicken":1,"alexsmobs:fly":1}},"DataVersion":3465}