{"stats":{"minecraft:crafted":{"minecraft:ancient_debris":2,"minecraft:smooth_stone":3,"minecraft:oak_planks":356,"minecraft:cobblestone_slab":126,"minecraft:barrel":1,"marbledsarsenal:swat_armor_chestplate":3,"minecraft:cooked_chicken":3,"minecraft:birch_slab":6,"usefulbackpacks:backpack_small":3,"minecraft:stone":3,"minecraft:bookshelf":21,"minecraft:cooked_mutton":33,"max_armory:diamond_long_sword":1,"minecraft:glass":9,"minecraft:raw_copper":275,"max_armory:rod":2,"create:mechanical_press":1,"psg:potassium":31,"minecraft:chest":14,"marbledsapi:steel_ingot":81,"create:spout":1,"create:cogwheel":2,"minecraft:smoker":1,"minecraft:oak_slab":6,"pointblank:printer":1,"create:depot":2,"pointblank:gunmetal_mesh":40,"minecraft:cauldron":1,"minecraft:cooked_porkchop":11,"minecraft:crafting_table":1,"minecraft:spruce_planks":76,"create:fluid_pipe":20,"psg:saltpetre":168,"minecraft:clock":1,"minecraft:copper_ingot":989,"create:sand_paper":1,"minecraft:birch_planks":16,"minecraft:campfire":1,"marbledsapi:raw_steel":81,"minecraft:tnt":6,"max_armory:diamond_katana":2,"minecraft:book":1,"minecraft:charcoal":2,"minecraft:diamond_pickaxe":3,"minecraft:stick":28,"usefulbackpacks:backpack_large":4,"create:mechanical_pump":1,"minecraft:iron_ingot":550,"minecraft:iron_pickaxe":5,"minecraft:iron_block":5,"minecraft:stone_sword":2,"minecraft:gold_ingot":158,"create:large_cogwheel":2,"marbledsarsenal:gas_mask_filter":4,"minecraft:shears":1,"marbledsarsenal:combat_helmet":3,"marbledsarsenal:swat_armor_leggings":3,"minecraft:raw_iron":9,"minecraft:iron_nugget":207,"psg:sulphur_sack":71,"minecraft:furnace":2,"minecraft:blast_furnace":1,"minecraft:bone_meal":87,"minecraft:raw_copper_block":141,"minecraft:glass_pane":16,"marbledsarsenal:swat_armor_boots":3,"minecraft:iron_axe":2,"create:fluid_tank":1,"marbledsarsenal:cm7m_gas_mask":1,"minecraft:stone_pickaxe":3,"usefulbackpacks:backpack_medium":3,"marbledsarsenal:helmet_cm6m_gas_mask":1,"minecraft:netherite_scrap":2,"minecraft:wheat":477,"minecraft:cooked_beef":30,"marbledsarsenal:hazmat_armor_chestplate":1,"minecraft:coal_block":52,"marbledsapi:steel_sheet":28,"create:andesite_alloy":10,"create:hand_crank":2,"max_armory:diamond_halberd":2,"pointblank:gunmetal_ingot":86,"max_armory:handle":9,"pointblank:processor":1,"minecraft:enchanting_table":1,"minecraft:dried_kelp":12,"minecraft:iron_sword":1,"better_mob_food:cooked_flesh":18,"marbledsarsenal:helmet_cm8m_gas_mask":1,"tacz:gun_smith_table":1,"minecraft:cooked_salmon":2,"minecraft:bucket":2,"minecraft:stone_axe":1,"minecraft:bread":124,"minecraft:air":0,"marbledsarsenal:helmet_cm7m_gas_mask":1,"minecraft:blue_dye":11,"minecraft:golden_apple":13,"minecraft:raw_gold":18,"minecraft:gunpowder":315,"minecraft:wooden_axe":1,"minecraft:anvil":1,"minecraft:white_bed":4,"create:shaft":8,"minecraft:lapis_lazuli":27,"minecraft:lapis_block":79,"marbledsarsenal:cm8m_gas_mask":1},"minecraft:dropped":{"minecraft:moss_block":4,"minecraft:cooked_beef":12,"minecraft:diamond":2,"minecraft:cooked_porkchop":4,"marbledsarsenal:hazmat_armor_chestplate":1,"marbledsarsenal:swat_armor_boots":2,"marbledsarsenal:helmet_cm8m_gas_mask":1,"projectvibrantjourneys:orange_bark_mushroom":4,"minecraft:dirt":23,"usefulbackpacks:backpack_small":1,"minecraft:iron_pickaxe":1,"minecraft:bone":2,"usefulbackpacks:backpack_large":2,"minecraft:cooked_chicken":1,"minecraft:cobbled_deepslate":6,"minecraft:rotten_flesh":12,"minecraft:cooked_mutton":4,"max_armory:diamond_halberd":1,"k_turrets:raw_titanium":5,"projectvibrantjourneys:cattail":3,"pointblank:grenade40mm":4,"minecraft:enchanted_book":1,"minecraft:iron_ingot":6,"minecraft:bread":1,"minecraft:wheat_seeds":1,"minecraft:clock":1,"minecraft:lead":1,"minecraft:cobblestone":65,"minecraft:apple":1,"minecraft:golden_apple":6,"minecraft:stick":8,"minecraft:milk_bucket":1,"tacz:modern_kinetic_gun":6,"minecraft:iron_axe":2,"max_armory:diamond_long_sword":4,"minecraft:lily_pad":1,"minecraft:bucket":4,"create:raw_zinc":2,"pointblank:ammo45acp":48,"minecraft:pink_tulip":1,"minecraft:sweet_berries":16,"minecraft:stone_sword":1,"marbledsarsenal:swat_armor_chestplate":2,"minecraft:smooth_stone_slab":1,"marbledsarsenal:swat_armor_leggings":2,"minecraft:raw_iron":6,"minecraft:clay_ball":12,"pointblank:gunmetal_nugget":38,"max_armory:diamond_katana":2,"minecraft:diamond_pickaxe":2,"minecraft:andesite":6,"minecraft:oak_sapling":1,"marbledsarsenal:helmet_cm6m_gas_mask":1,"minecraft:spider_eye":1,"tacz:ammo":1333,"minecraft:stone_pickaxe":1},"minecraft:used":{"minecraft:chest":21,"minecraft:iron_sword":205,"create:fluid_tank":4,"create:cogwheel":6,"minecraft:carrot":14,"create:depot":6,"minecraft:tuff":2,"minecraft:milk_bucket":2,"marbledsarsenal:swat_armor_chestplate":1,"minecraft:lava_bucket":26,"marbledsarsenal:police_baton":16,"pointblank:workstation":1,"minecraft:sweet_berries":27,"minecraft:egg":6,"max_armory:diamond_long_sword":291,"minecraft:stone_pickaxe":366,"create:spout":2,"minecraft:golden_apple":10,"minecraft:blast_furnace":3,"minecraft:shears":7,"minecraft:birch_slab":11,"minecraft:bread":78,"minecraft:gravel":7,"minecraft:coal_block":2,"minecraft:wooden_sword":46,"minecraft:andesite":14,"max_armory:diamond_halberd":24,"create:large_cogwheel":6,"minecraft:enchanting_table":2,"minecraft:stone_sword":130,"tacz:gun_smith_table":3,"minecraft:cooked_chicken":3,"minecraft:torch":3,"marbledsarsenal:cm7m_gas_mask":1,"minecraft:dirt":20,"create:mechanical_pump":6,"minecraft:anvil":2,"minecraft:ancient_debris":2,"minecraft:wooden_axe":7,"alexsmobs:maggot":1,"minecraft:bookshelf":15,"minecraft:iron_axe":99,"better_mob_food:cooked_flesh":6,"create:fluid_pipe":27,"minecraft:cooked_beef":16,"minecraft:cobbled_deepslate":7,"minecraft:wheat_seeds":13,"minecraft:cooked_mutton":15,"minecraft:water_bucket":8,"minecraft:amethyst_block":2,"pointblank:printer":2,"minecraft:cauldron":1,"marbledsarsenal:swat_armor_boots":1,"minecraft:cobblestone_slab":40,"minecraft:crafting_table":4,"minecraft:white_bed":4,"minecraft:campfire":1,"minecraft:smoker":1,"minecraft:oak_log":16,"minecraft:diamond_pickaxe":860,"create:mechanical_press":1,"minecraft:iron_pickaxe":875,"minecraft:stone_axe":34,"minecraft:cobblestone":286,"minecraft:cobbled_deepslate_slab":2,"minecraft:white_banner":1,"minecraft:cooked_porkchop":3,"max_armory:diamond_katana":367,"minecraft:bucket":34,"create:hand_crank":7,"minecraft:stripped_oak_log":4},"minecraft:custom":{"minecraft:animals_bred":16,"minecraft:interact_with_crafting_table":209,"minecraft:open_barrel":16,"minecraft:leave_game":4,"minecraft:time_since_death":781400,"minecraft:sprint_one_cm":1562679,"minecraft:drop":184,"minecraft:talked_to_villager":4,"minecraft:play_time":895678,"minecraft:deaths":5,"minecraft:jump":7967,"minecraft:walk_on_water_one_cm":74344,"minecraft:enchant_item":10,"minecraft:interact_with_furnace":273,"minecraft:sleep_in_bed":18,"minecraft:damage_dealt":55771,"minecraft:player_kills":9,"minecraft:crouch_one_cm":52298,"minecraft:interact_with_smoker":14,"minecraft:use_cauldron":1,"minecraft:interact_with_anvil":6,"minecraft:mob_kills":487,"minecraft:fill_cauldron":11,"minecraft:interact_with_campfire":2,"minecraft:damage_dealt_resisted":1513,"minecraft:climb_one_cm":6035,"minecraft:walk_one_cm":2758137,"minecraft:damage_dealt_absorbed":36,"minecraft:sneak_time":22266,"minecraft:walk_under_water_one_cm":30778,"minecraft:interact_with_blast_furnace":333,"minecraft:total_world_time":895678,"minecraft:time_since_rest":137795,"minecraft:damage_taken":5874,"minecraft:damage_absorbed":119,"minecraft:swim_one_cm":33063,"minecraft:fly_one_cm":1117017,"minecraft:open_chest":1111,"minecraft:fall_one_cm":140088},"minecraft:killed_by":{"minecraft:zombie":2,"minecraft:player":2},"minecraft:broken":{"minecraft:stone_pickaxe":2,"minecraft:stone_sword":1,"marbledsarsenal:helmet_cm7m_gas_mask":1,"minecraft:iron_pickaxe":2},"minecraft:mined":{"minecraft:large_amethyst_bud":3,"create:deepslate_zinc_ore":1,"minecraft:spruce_planks":1,"create:copper_casing":4,"minecraft:jungle_slab":1,"create:andesite_casing":4,"minecraft:obsidian":6,"minecraft:grass_block":6,"minecraft:coal_block":1,"tacz:gun_smith_table":2,"minecraft:spawner":1,"minecraft:raw_iron_block":1,"minecraft:iron_ore":210,"minecraft:cobbled_deepslate":5,"minecraft:fire":3,"minecraft:moss_carpet":1,"minecraft:pumpkin":7,"minecraft:anvil":1,"minecraft:deepslate_lapis_ore":20,"minecraft:enchanting_table":1,"create:asurine":12,"projectvibrantjourneys:cattail":5,"minecraft:deepslate_redstone_ore":4,"create:cogwheel":2,"minecraft:brown_mushroom":1,"minecraft:kelp_plant":11,"minecraft:medium_amethyst_bud":1,"minecraft:amethyst_cluster":2,"minecraft:torch":1,"projectvibrantjourneys:twigs":1,"minecraft:blast_furnace":2,"minecraft:chest":8,"projectvibrantjourneys:natural_cobweb":1,"minecraft:cobblestone":117,"minecraft:sugar_cane":3,"minecraft:wall_torch":1,"minecraft:amethyst_block":9,"minecraft:seagrass":2,"minecraft:birch_log":7,"minecraft:wheat":21,"projectvibrantjourneys:bones":43,"create:spout":1,"overworld_netherite_ore:deepslate_ancient_debris_ore":1,"minecraft:smooth_stone_slab":2,"minecraft:grass":83,"minecraft:oak_log":67,"minecraft:beetroots":3,"projectvibrantjourneys:short_grass":36,"create:hand_crank":3,"minecraft:dirt":27,"minecraft:sand":36,"minecraft:smooth_basalt":2,"minecraft:ancient_debris":2,"create:crimsite":14,"minecraft:oak_leaves":29,"minecraft:deepslate":83,"create:zinc_ore":1,"minecraft:tuff":12,"minecraft:deepslate_diamond_ore":51,"projectvibrantjourneys:rocks":10,"create:fluid_tank":4,"minecraft:dark_oak_fence":6,"psg:sulphur_ore":13,"minecraft:glow_lichen":1,"minecraft:cobbled_deepslate_slab":4,"minecraft:spruce_fence":1,"create:large_cogwheel":2,"create:depot":4,"minecraft:birch_slab":4,"minecraft:spruce_leaves":2,"minecraft:kelp":7,"minecraft:moss_block":4,"minecraft:red_mushroom":1,"minecraft:hay_block":21,"minecraft:carrots":18,"minecraft:andesite":60,"minecraft:bookshelf":7,"minecraft:potatoes":9,"minecraft:deepslate_iron_ore":147,"minecraft:cobblestone_slab":2,"minecraft:stripped_oak_log":11,"minecraft:white_tulip":1,"minecraft:stone":426,"psg:potassium_ore":37,"minecraft:stripped_dark_oak_log":4,"psg:deepslate_sulphur_ore":39,"minecraft:crafting_table":4,"create:fluid_pipe":20,"create:mechanical_pump":5,"projectvibrantjourneys:mossy_rocks":3,"minecraft:campfire":1,"minecraft:stone_slab":2,"minecraft:copper_ore":36,"minecraft:tall_grass":10,"minecraft:deepslate_coal_ore":3,"minecraft:lapis_ore":4,"minecraft:deepslate_gold_ore":55,"minecraft:lily_pad":1,"minecraft:spruce_stairs":1,"k_turrets:deepslate_titanium_ore":2,"minecraft:sweet_berry_bush":13,"minecraft:birch_leaves":3,"minecraft:spruce_log":19,"k_turrets:titanium_ore":10,"projectvibrantjourneys:spruce_hollow_log":1,"minecraft:coal_ore":542,"overworld_netherite_ore:ancient_debris_ore":1,"minecraft:gravel":2,"pointblank:workstation":1,"minecraft:gold_ore":8,"pointblank:printer":1,"minecraft:fern":6},"minecraft:picked_up":{"minecraft:wooden_axe":1,"minecraft:iron_chestplate":1,"minecraft:wheat":5,"minecraft:anvil":1,"minecraft:stone_slab":3,"create:spout":1,"minecraft:lead":14,"minecraft:amethyst_block":10,"minecraft:string":15,"minecraft:raw_copper":1079,"minecraft:smooth_stone_slab":2,"minecraft:iron_leggings":1,"minecraft:cobbled_deepslate":89,"minecraft:bucket":3,"minecraft:spruce_planks":7,"minecraft:cobblestone_slab":2,"marbledsarsenal:hazmat_armor_chestplate":1,"minecraft:iron_pickaxe":1,"minecraft:coal_block":1,"pointblank:workstation":1,"minecraft:iron_boots":1,"max_armory:diamond_long_sword":4,"minecraft:stick":25,"marbledsarsenal:police_baton":2,"minecraft:torch":3,"create:andesite_casing":4,"minecraft:porkchop":18,"psg:sulphur":256,"tacz:attachment":6,"marbledsapi:rubber":2,"mutantmonsters:hulk_hammer":1,"pointblank:ammo45acp":229,"create:large_cogwheel":2,"pointblank:m1911a1":1,"minecraft:rotten_flesh":447,"create:copper_casing":4,"create:asurine":12,"projectvibrantjourneys:cattail":3,"minecraft:obsidian":6,"minecraft:cobblestone":694,"minecraft:birch_log":4,"minecraft:enchanting_table":1,"minecraft:feather":1,"minecraft:cooked_beef":4,"create:fluid_tank":4,"minecraft:birch_slab":5,"minecraft:andesite":63,"minecraft:brown_wool":1,"alexsmobs:bear_fur":2,"minecraft:potato":10,"minecraft:flint":1,"minecraft:tuff":10,"create:raw_zinc":3,"max_armory:diamond_katana":1,"minecraft:lapis_lazuli":225,"minecraft:dirt":36,"minecraft:leather_boots":3,"minecraft:bone":90,"minecraft:wheat_seeds":41,"minecraft:raw_gold":163,"minecraft:cobbled_deepslate_slab":5,"tacz:gun_smith_table":2,"minecraft:moss_block":4,"minecraft:oak_planks":29,"psg:raw_potassium":77,"create:cogwheel":2,"minecraft:sand":36,"overworld_netherite_ore:large_ancient_shard":2,"minecraft:jungle_slab":1,"alexsmobs:animal_dictionary":2,"create:crimsite":14,"minecraft:diamond":128,"minecraft:crossbow":1,"minecraft:golden_apple":3,"minecraft:bread":17,"alexsmobs:maggot":8,"minecraft:oak_sapling":10,"minecraft:dark_oak_fence":6,"minecraft:oak_leaves":7,"minecraft:diamond_pickaxe":3,"minecraft:charcoal":2,"minecraft:crafting_table":5,"minecraft:chicken":5,"minecraft:clay_ball":184,"minecraft:brown_mushroom":1,"ecologics:seashell":1,"minecraft:wooden_pickaxe":2,"minecraft:moss_carpet":1,"create:fluid_pipe":17,"minecraft:iron_axe":1,"minecraft:wooden_sword":1,"tacz:ammo":2696,"minecraft:iron_shovel":1,"usefulbackpacks:backpack_small":1,"minecraft:beef":46,"minecraft:sugar_cane":7,"minecraft:chest":7,"minecraft:diamond_hoe":1,"minecraft:phantom_membrane":4,"minecraft:egg":5,"minecraft:raw_iron":554,"projectvibrantjourneys:bark_mushroom":3,"minecraft:copper_ingot":48,"minecraft:spruce_fence":1,"pointblank:gunmetal_nugget":415,"create:hand_crank":5,"minecraft:carrot":21,"minecraft:redstone":64,"alexsmobs:crocodile_scute":1,"minecraft:beetroot_seeds":3,"k_turrets:raw_titanium":13,"minecraft:hay_block":53,"minecraft:pink_tulip":1,"create:depot":4,"minecraft:mutton":46,"minecraft:white_wool":41,"minecraft:stripped_oak_log":11,"minecraft:salmon":2,"dweller_dweller:dweller_dweller_tooth":1,"minecraft:leather":27,"minecraft:red_mushroom":1,"minecraft:oak_log":144,"overworld_netherite_ore:ancientdebrispiece":5,"minecraft:lily_pad":1,"minecraft:ancient_debris":2,"minecraft:gunpowder":56,"marbledsarsenal:cm6m_gas_mask":3,"projectvibrantjourneys:spruce_hollow_log":1,"minecraft:white_banner":1,"minecraft:apple":5,"minecraft:kelp":63,"alexsmobs:cockroach_wing_fragment":1,"minecraft:iron_ingot":13,"minecraft:stone_pickaxe":4,"minecraft:cooked_chicken":3,"minecraft:book":65,"minecraft:smooth_basalt":3,"minecraft:milk_bucket":1,"minecraft:pumpkin":5,"minecraft:sweet_berries":32,"minecraft:raw_iron_block":1,"minecraft:gravel":7,"minecraft:amethyst_shard":8,"minecraft:spruce_sapling":9,"minecraft:blast_furnace":2,"minecraft:white_bed":1,"minecraft:spruce_log":30,"pointblank:printer":1,"minecraft:spider_eye":13,"minecraft:slime_ball":15,"minecraft:stone_axe":1,"tacz:modern_kinetic_gun":14,"create:mechanical_pump":5,"minecraft:iron_helmet":1,"projectvibrantjourneys:orange_bark_mushroom":7,"minecraft:black_wool":2,"minecraft:coal":988,"minecraft:ender_pearl":6},"minecraft:killed":{"minecraft:zombie_horse":12,"minecraft:chicken":1,"minecraft:pig":3,"alexsmobs:grizzly_bear":1,"minecraft:zombie_villager":8,"minecraft:sheep":18,"minecraft:pillager":22,"minecraft:zombie":324,"alexsmobs:fly":5,"minecraft:cow":1,"hordes:zombie_player":9,"dweller_dweller:dweller_dweller":1,"minecraft:drowned":7,"minecraft:husk":64,"alexsmobs:gelada_monkey":1,"alexsmobs:crocodile":2,"alexsmobs:cockroach":1}},"DataVersion":3465}