{"stats":{"minecraft:used":{"minecraft:cooked_mutton":3,"minecraft:stone_pickaxe":70,"minecraft:chest":1,"minecraft:crafting_table":1,"minecraft:white_bed":3,"minecraft:birch_slab":3,"minecraft:bread":3,"marbledsarsenal:police_baton":16,"minecraft:wooden_sword":46,"minecraft:cobblestone":4},"minecraft:mined":{"projectvibrantjourneys:cattail":5,"minecraft:cobblestone":3,"minecraft:tall_grass":2,"minecraft:birch_slab":1,"minecraft:spruce_leaves":2,"minecraft:sugar_cane":3,"minecraft:birch_log":7,"minecraft:spruce_log":19,"minecraft:grass":11,"projectvibrantjourneys:spruce_hollow_log":1,"minecraft:coal_ore":28,"projectvibrantjourneys:short_grass":6,"minecraft:stone":38,"minecraft:fern":1},"minecraft:dropped":{"minecraft:stone_sword":1,"minecraft:cobblestone":17,"projectvibrantjourneys:orange_bark_mushroom":2,"minecraft:stone_pickaxe":1,"projectvibrantjourneys:cattail":3},"minecraft:picked_up":{"minecraft:wooden_axe":1,"minecraft:birch_log":4,"minecraft:crafting_table":1,"minecraft:feather":1,"minecraft:chicken":1,"minecraft:birch_slab":1,"minecraft:brown_wool":1,"minecraft:wooden_pickaxe":2,"minecraft:gunpowder":2,"marbledsarsenal:cm6m_gas_mask":2,"projectvibrantjourneys:spruce_hollow_log":1,"minecraft:dirt":2,"minecraft:string":1,"minecraft:moss_carpet":1,"minecraft:wooden_sword":1,"minecraft:leather_boots":2,"minecraft:bone":1,"minecraft:wheat_seeds":3,"minecraft:spruce_planks":6,"minecraft:stone_pickaxe":2,"minecraft:sugar_cane":7,"minecraft:stick":12,"marbledsarsenal:police_baton":2,"projectvibrantjourneys:bark_mushroom":1,"minecraft:porkchop":7,"pointblank:gunmetal_nugget":15,"minecraft:spruce_sapling":9,"minecraft:spruce_log":30,"alexsmobs:animal_dictionary":2,"pointblank:m1911a1":1,"pointblank:ammo45acp":128,"minecraft:rotten_flesh":10,"projectvibrantjourneys:cattail":3,"minecraft:bread":16,"projectvibrantjourneys:orange_bark_mushroom":4,"minecraft:black_wool":2,"minecraft:mutton":25,"minecraft:coal":28,"minecraft:white_wool":13,"minecraft:cobblestone":114},"minecraft:crafted":{"minecraft:oak_planks":12,"minecraft:crafting_table":1,"minecraft:spruce_planks":76,"minecraft:birch_slab":6,"minecraft:birch_planks":16,"minecraft:cooked_mutton":8,"minecraft:stick":4,"minecraft:stone_pickaxe":2,"minecraft:stone_sword":2,"minecraft:chest":1,"minecraft:white_bed":4},"minecraft:killed_by":{"minecraft:zombie":2},"minecraft:custom":{"minecraft:interact_with_furnace":3,"minecraft:mob_kills":22,"minecraft:interact_with_crafting_table":13,"minecraft:damage_dealt_resisted":42,"minecraft:time_since_death":13484,"minecraft:sleep_in_bed":1,"minecraft:time_since_rest":925,"minecraft:sprint_one_cm":108490,"minecraft:damage_taken":915,"minecraft:walk_one_cm":149985,"minecraft:drop":8,"minecraft:damage_dealt":3354,"minecraft:swim_one_cm":6873,"minecraft:player_kills":3,"minecraft:fly_one_cm":138220,"minecraft:open_chest":14,"minecraft:crouch_one_cm":2267,"minecraft:play_time":40100,"minecraft:deaths":3,"minecraft:sneak_time":2782,"minecraft:walk_under_water_one_cm":7336,"minecraft:jump":639,"minecraft:walk_on_water_one_cm":17295,"minecraft:total_world_time":40100,"minecraft:fall_one_cm":20086},"minecraft:killed":{"minecraft:pig":3,"hordes:zombie_player":2,"minecraft:zombie_villager":1,"minecraft:sheep":7,"minecraft:zombie":8,"minecraft:chicken":1}},"DataVersion":3465}