{"stats":{"minecraft:used":{"minecraft:stone_sword":130,"tacz:gun_smith_table":3,"minecraft:chest":9,"minecraft:iron_sword":205,"minecraft:cooked_chicken":3,"marbledsarsenal:cm7m_gas_mask":1,"minecraft:dirt":20,"minecraft:milk_bucket":1,"marbledsarsenal:swat_armor_chestplate":1,"alexsmobs:maggot":1,"minecraft:wooden_axe":7,"marbledsarsenal:police_baton":16,"better_mob_food:cooked_flesh":6,"minecraft:sweet_berries":18,"minecraft:egg":1,"minecraft:cooked_beef":2,"minecraft:wheat_seeds":13,"minecraft:cooked_mutton":15,"minecraft:water_bucket":3,"pointblank:printer":1,"minecraft:stone_pickaxe":250,"marbledsarsenal:swat_armor_boots":1,"minecraft:golden_apple":2,"minecraft:blast_furnace":1,"minecraft:crafting_table":1,"minecraft:white_bed":3,"minecraft:campfire":1,"minecraft:shears":7,"minecraft:birch_slab":9,"minecraft:bread":7,"minecraft:iron_pickaxe":724,"minecraft:stone_axe":34,"minecraft:wooden_sword":46,"minecraft:cobblestone":132,"minecraft:cooked_porkchop":3,"max_armory:diamond_katana":79,"minecraft:bucket":3,"minecraft:andesite":2},"minecraft:dropped":{"minecraft:iron_ingot":6,"minecraft:clock":1,"minecraft:diamond":2,"minecraft:cooked_porkchop":4,"marbledsarsenal:hazmat_armor_chestplate":1,"minecraft:cobblestone":63,"marbledsarsenal:swat_armor_boots":1,"marbledsarsenal:helmet_cm8m_gas_mask":1,"projectvibrantjourneys:orange_bark_mushroom":2,"minecraft:golden_apple":1,"minecraft:dirt":22,"minecraft:milk_bucket":1,"tacz:modern_kinetic_gun":2,"minecraft:iron_pickaxe":1,"minecraft:lily_pad":1,"create:raw_zinc":1,"minecraft:sweet_berries":16,"minecraft:cooked_chicken":1,"marbledsarsenal:swat_armor_chestplate":1,"minecraft:stone_sword":1,"marbledsarsenal:swat_armor_leggings":1,"minecraft:clay_ball":12,"minecraft:cooked_mutton":4,"max_armory:diamond_katana":1,"marbledsarsenal:helmet_cm6m_gas_mask":1,"tacz:ammo":401,"projectvibrantjourneys:cattail":3,"minecraft:stone_pickaxe":1},"minecraft:mined":{"create:zinc_ore":1,"minecraft:large_amethyst_bud":3,"create:deepslate_zinc_ore":1,"minecraft:tuff":3,"minecraft:deepslate_diamond_ore":28,"projectvibrantjourneys:rocks":4,"psg:sulphur_ore":13,"minecraft:grass_block":1,"minecraft:birch_slab":3,"minecraft:spruce_leaves":2,"minecraft:red_mushroom":1,"tacz:gun_smith_table":2,"minecraft:iron_ore":65,"minecraft:cobbled_deepslate":2,"minecraft:andesite":43,"minecraft:pumpkin":7,"minecraft:moss_carpet":1,"minecraft:deepslate_lapis_ore":12,"create:asurine":12,"minecraft:deepslate_iron_ore":89,"minecraft:stripped_oak_log":3,"minecraft:stone":325,"projectvibrantjourneys:cattail":5,"minecraft:deepslate_redstone_ore":4,"minecraft:brown_mushroom":1,"psg:potassium_ore":37,"minecraft:medium_amethyst_bud":1,"minecraft:amethyst_cluster":2,"psg:deepslate_sulphur_ore":14,"minecraft:stone_slab":1,"minecraft:campfire":1,"projectvibrantjourneys:mossy_rocks":3,"minecraft:copper_ore":13,"minecraft:tall_grass":6,"minecraft:cobblestone":55,"minecraft:deepslate_gold_ore":32,"minecraft:lily_pad":1,"minecraft:sugar_cane":3,"minecraft:amethyst_block":8,"minecraft:sweet_berry_bush":13,"k_turrets:deepslate_titanium_ore":1,"minecraft:birch_log":7,"minecraft:spruce_log":19,"projectvibrantjourneys:bones":6,"minecraft:grass":75,"k_turrets:titanium_ore":7,"projectvibrantjourneys:spruce_hollow_log":1,"minecraft:oak_log":49,"minecraft:coal_ore":111,"projectvibrantjourneys:short_grass":32,"minecraft:dirt":26,"minecraft:sand":8,"minecraft:smooth_basalt":1,"minecraft:deepslate":41,"create:crimsite":1,"minecraft:oak_leaves":15,"minecraft:fern":5},"minecraft:killed":{"hordes:zombie_player":8,"minecraft:chicken":1,"minecraft:drowned":1,"minecraft:pig":3,"minecraft:zombie_villager":5,"minecraft:sheep":18,"alexsmobs:gelada_monkey":1,"minecraft:zombie":128,"alexsmobs:cockroach":1,"alexsmobs:fly":3,"minecraft:cow":1},"minecraft:broken":{"minecraft:stone_sword":1,"minecraft:stone_pickaxe":2,"minecraft:iron_pickaxe":2},"minecraft:killed_by":{"minecraft:player":2,"minecraft:zombie":2},"minecraft:custom":{"minecraft:mob_kills":171,"minecraft:interact_with_crafting_table":105,"minecraft:open_barrel":12,"minecraft:interact_with_campfire":2,"minecraft:damage_dealt_resisted":498,"minecraft:leave_game":2,"minecraft:time_since_death":229835,"minecraft:climb_one_cm":499,"minecraft:sprint_one_cm":505088,"minecraft:walk_one_cm":1066592,"minecraft:drop":55,"minecraft:play_time":344113,"minecraft:sneak_time":9831,"minecraft:deaths":5,"minecraft:walk_under_water_one_cm":12394,"minecraft:jump":3205,"minecraft:interact_with_blast_furnace":125,"minecraft:walk_on_water_one_cm":43340,"minecraft:total_world_time":344113,"minecraft:interact_with_furnace":216,"minecraft:sleep_in_bed":6,"minecraft:time_since_rest":27911,"minecraft:damage_taken":3313,"minecraft:damage_absorbed":60,"minecraft:damage_dealt":20534,"minecraft:player_kills":9,"minecraft:swim_one_cm":8172,"minecraft:fly_one_cm":433817,"minecraft:open_chest":367,"minecraft:crouch_one_cm":21594,"minecraft:fall_one_cm":56240},"minecraft:crafted":{"marbledsarsenal:swat_armor_leggings":2,"minecraft:smooth_stone":3,"minecraft:oak_planks":52,"marbledsarsenal:swat_armor_chestplate":2,"minecraft:iron_nugget":72,"minecraft:cooked_chicken":3,"minecraft:birch_slab":6,"minecraft:furnace":1,"minecraft:blast_furnace":1,"minecraft:stone":3,"minecraft:bone_meal":72,"minecraft:cooked_mutton":33,"minecraft:glass_pane":16,"marbledsarsenal:swat_armor_boots":2,"minecraft:glass":6,"psg:potassium":31,"marbledsarsenal:cm7m_gas_mask":1,"minecraft:stone_pickaxe":3,"minecraft:chest":9,"marbledsapi:steel_ingot":67,"marbledsarsenal:helmet_cm6m_gas_mask":1,"minecraft:cooked_beef":13,"marbledsarsenal:hazmat_armor_chestplate":1,"pointblank:printer":1,"marbledsapi:steel_sheet":28,"pointblank:gunmetal_mesh":40,"max_armory:handle":2,"minecraft:cooked_porkchop":11,"minecraft:crafting_table":1,"pointblank:gunmetal_ingot":45,"minecraft:spruce_planks":76,"pointblank:processor":1,"psg:saltpetre":54,"minecraft:iron_sword":1,"better_mob_food:cooked_flesh":18,"marbledsarsenal:helmet_cm8m_gas_mask":1,"minecraft:clock":1,"tacz:gun_smith_table":1,"minecraft:cooked_salmon":2,"minecraft:copper_ingot":240,"minecraft:bucket":2,"minecraft:birch_planks":16,"minecraft:campfire":1,"minecraft:stone_axe":1,"minecraft:air":0,"marbledsarsenal:helmet_cm7m_gas_mask":1,"minecraft:blue_dye":6,"marbledsapi:raw_steel":67,"max_armory:diamond_katana":2,"minecraft:golden_apple":3,"minecraft:charcoal":2,"minecraft:raw_gold":18,"minecraft:stick":20,"minecraft:gunpowder":78,"minecraft:iron_ingot":307,"minecraft:iron_pickaxe":4,"minecraft:wooden_axe":1,"minecraft:iron_block":1,"minecraft:stone_sword":2,"minecraft:gold_ingot":38,"minecraft:white_bed":4,"marbledsarsenal:gas_mask_filter":4,"minecraft:shears":1,"marbledsarsenal:cm8m_gas_mask":1,"marbledsarsenal:combat_helmet":3},"minecraft:picked_up":{"minecraft:wooden_axe":1,"minecraft:charcoal":2,"minecraft:crafting_table":1,"minecraft:chicken":5,"minecraft:clay_ball":12,"minecraft:brown_mushroom":1,"minecraft:stone_slab":1,"minecraft:wooden_pickaxe":2,"minecraft:amethyst_block":8,"minecraft:string":10,"minecraft:moss_carpet":1,"minecraft:raw_copper":47,"minecraft:wooden_sword":1,"tacz:ammo":852,"minecraft:cobbled_deepslate":41,"minecraft:bucket":1,"minecraft:spruce_planks":6,"minecraft:beef":13,"minecraft:sugar_cane":7,"minecraft:phantom_membrane":3,"minecraft:egg":2,"minecraft:stick":22,"minecraft:raw_iron":180,"marbledsarsenal:police_baton":2,"minecraft:copper_ingot":1,"projectvibrantjourneys:bark_mushroom":2,"minecraft:porkchop":18,"pointblank:gunmetal_nugget":169,"psg:sulphur":106,"minecraft:redstone":19,"marbledsapi:rubber":2,"pointblank:ammo45acp":128,"pointblank:m1911a1":1,"minecraft:rotten_flesh":207,"k_turrets:raw_titanium":8,"create:asurine":12,"projectvibrantjourneys:cattail":3,"minecraft:mutton":46,"minecraft:white_wool":30,"minecraft:cobblestone":535,"minecraft:stripped_oak_log":3,"minecraft:birch_log":4,"minecraft:feather":1,"minecraft:andesite":43,"minecraft:birch_slab":3,"minecraft:salmon":2,"minecraft:brown_wool":1,"minecraft:leather":6,"minecraft:red_mushroom":1,"minecraft:tuff":3,"overworld_netherite_ore:ancientdebrispiece":3,"create:raw_zinc":2,"minecraft:oak_log":91,"minecraft:lily_pad":1,"minecraft:gunpowder":26,"marbledsarsenal:cm6m_gas_mask":3,"minecraft:lapis_lazuli":86,"projectvibrantjourneys:spruce_hollow_log":1,"minecraft:dirt":30,"minecraft:leather_boots":2,"minecraft:bone":24,"minecraft:apple":3,"minecraft:wheat_seeds":18,"minecraft:raw_gold":32,"alexsmobs:cockroach_wing_fragment":1,"minecraft:stone_pickaxe":2,"minecraft:cooked_chicken":3,"tacz:gun_smith_table":2,"minecraft:oak_planks":29,"minecraft:smooth_basalt":1,"minecraft:pumpkin":5,"minecraft:sweet_berries":32,"psg:raw_potassium":77,"minecraft:sand":8,"minecraft:amethyst_shard":8,"minecraft:spruce_sapling":9,"overworld_netherite_ore:large_ancient_shard":1,"minecraft:spruce_log":30,"minecraft:spider_eye":6,"alexsmobs:animal_dictionary":2,"create:crimsite":1,"minecraft:slime_ball":5,"minecraft:diamond":28,"tacz:modern_kinetic_gun":5,"minecraft:bread":16,"alexsmobs:maggot":3,"projectvibrantjourneys:orange_bark_mushroom":5,"minecraft:oak_sapling":9,"minecraft:black_wool":2,"minecraft:coal":270,"minecraft:oak_leaves":7,"minecraft:ender_pearl":3}},"DataVersion":3465}