{"stats":{"minecraft:used":{"minecraft:stone_sword":130,"tacz:gun_smith_table":3,"minecraft:chest":2,"minecraft:iron_sword":43,"minecraft:cooked_chicken":3,"marbledsarsenal:cm7m_gas_mask":1,"minecraft:dirt":8,"minecraft:wooden_axe":7,"alexsmobs:maggot":1,"marbledsarsenal:police_baton":16,"better_mob_food:cooked_flesh":6,"minecraft:cooked_beef":1,"minecraft:cooked_mutton":10,"minecraft:stone_pickaxe":241,"pointblank:printer":1,"minecraft:crafting_table":1,"minecraft:blast_furnace":1,"minecraft:campfire":1,"minecraft:white_bed":3,"minecraft:shears":7,"minecraft:birch_slab":9,"minecraft:bread":7,"minecraft:iron_pickaxe":284,"minecraft:stone_axe":34,"minecraft:wooden_sword":46,"minecraft:cobblestone":68,"minecraft:cooked_porkchop":2,"minecraft:andesite":2},"minecraft:mined":{"create:zinc_ore":1,"minecraft:large_amethyst_bud":3,"minecraft:deepslate_diamond_ore":15,"projectvibrantjourneys:rocks":2,"psg:sulphur_ore":13,"minecraft:grass_block":1,"minecraft:birch_slab":3,"minecraft:spruce_leaves":2,"tacz:gun_smith_table":2,"minecraft:iron_ore":53,"minecraft:cobbled_deepslate":2,"minecraft:andesite":38,"minecraft:moss_carpet":1,"minecraft:deepslate_lapis_ore":9,"create:asurine":12,"minecraft:deepslate_iron_ore":36,"minecraft:stripped_oak_log":3,"minecraft:stone":117,"projectvibrantjourneys:cattail":5,"minecraft:deepslate_redstone_ore":4,"minecraft:medium_amethyst_bud":1,"minecraft:amethyst_cluster":2,"psg:deepslate_sulphur_ore":7,"minecraft:campfire":1,"projectvibrantjourneys:mossy_rocks":3,"minecraft:tall_grass":2,"minecraft:copper_ore":13,"minecraft:cobblestone":37,"minecraft:deepslate_gold_ore":7,"minecraft:lily_pad":1,"minecraft:sugar_cane":3,"minecraft:amethyst_block":8,"minecraft:birch_log":7,"minecraft:spruce_log":19,"projectvibrantjourneys:bones":3,"k_turrets:titanium_ore":6,"minecraft:grass":12,"minecraft:oak_log":49,"projectvibrantjourneys:spruce_hollow_log":1,"minecraft:coal_ore":87,"projectvibrantjourneys:short_grass":7,"minecraft:sand":8,"minecraft:dirt":26,"minecraft:smooth_basalt":1,"create:crimsite":1,"minecraft:oak_leaves":15,"minecraft:deepslate":18,"minecraft:fern":1},"minecraft:dropped":{"minecraft:iron_ingot":6,"minecraft:clock":1,"minecraft:cooked_porkchop":4,"marbledsarsenal:hazmat_armor_chestplate":1,"minecraft:cobblestone":63,"marbledsarsenal:helmet_cm8m_gas_mask":1,"projectvibrantjourneys:orange_bark_mushroom":2,"minecraft:golden_apple":1,"minecraft:milk_bucket":1,"tacz:modern_kinetic_gun":1,"minecraft:iron_pickaxe":1,"minecraft:lily_pad":1,"minecraft:cooked_chicken":1,"minecraft:stone_sword":1,"minecraft:cooked_mutton":4,"marbledsarsenal:helmet_cm6m_gas_mask":1,"tacz:ammo":225,"projectvibrantjourneys:cattail":3,"minecraft:stone_pickaxe":1},"minecraft:picked_up":{"minecraft:wooden_axe":1,"minecraft:charcoal":2,"minecraft:crafting_table":1,"minecraft:chicken":4,"minecraft:wooden_pickaxe":2,"minecraft:amethyst_block":8,"minecraft:string":5,"minecraft:moss_carpet":1,"minecraft:raw_copper":47,"minecraft:wooden_sword":1,"tacz:ammo":480,"minecraft:cobbled_deepslate":19,"minecraft:spruce_planks":6,"minecraft:beef":10,"minecraft:sugar_cane":7,"minecraft:phantom_membrane":1,"minecraft:stick":22,"minecraft:raw_iron":116,"marbledsarsenal:police_baton":2,"projectvibrantjourneys:bark_mushroom":2,"minecraft:porkchop":18,"pointblank:gunmetal_nugget":67,"psg:sulphur":95,"minecraft:redstone":19,"marbledsapi:rubber":2,"pointblank:ammo45acp":128,"pointblank:m1911a1":1,"minecraft:rotten_flesh":67,"k_turrets:raw_titanium":6,"create:asurine":12,"projectvibrantjourneys:cattail":3,"minecraft:mutton":36,"minecraft:white_wool":21,"minecraft:cobblestone":289,"minecraft:stripped_oak_log":3,"minecraft:birch_log":4,"minecraft:feather":1,"minecraft:birch_slab":3,"minecraft:andesite":38,"minecraft:leather":4,"minecraft:brown_wool":1,"minecraft:oak_log":51,"create:raw_zinc":1,"overworld_netherite_ore:ancientdebrispiece":2,"minecraft:lily_pad":1,"minecraft:gunpowder":8,"marbledsarsenal:cm6m_gas_mask":3,"minecraft:lapis_lazuli":58,"projectvibrantjourneys:spruce_hollow_log":1,"minecraft:dirt":30,"minecraft:leather_boots":2,"minecraft:bone":8,"minecraft:apple":3,"minecraft:wheat_seeds":5,"minecraft:raw_gold":7,"minecraft:stone_pickaxe":2,"minecraft:cooked_chicken":3,"tacz:gun_smith_table":2,"minecraft:smooth_basalt":1,"psg:raw_potassium":4,"minecraft:sand":8,"minecraft:amethyst_shard":8,"minecraft:spruce_sapling":9,"overworld_netherite_ore:large_ancient_shard":1,"minecraft:spruce_log":30,"alexsmobs:animal_dictionary":2,"minecraft:spider_eye":1,"create:crimsite":1,"minecraft:slime_ball":1,"minecraft:diamond":15,"tacz:modern_kinetic_gun":3,"minecraft:bread":16,"alexsmobs:maggot":1,"minecraft:oak_sapling":9,"projectvibrantjourneys:orange_bark_mushroom":5,"minecraft:black_wool":2,"minecraft:oak_leaves":7,"minecraft:coal":139},"minecraft:broken":{"minecraft:stone_sword":1,"minecraft:stone_pickaxe":2,"minecraft:iron_pickaxe":1},"minecraft:crafted":{"minecraft:oak_planks":24,"minecraft:smooth_stone":3,"minecraft:iron_nugget":9,"minecraft:cooked_chicken":3,"minecraft:birch_slab":6,"minecraft:furnace":1,"minecraft:blast_furnace":1,"minecraft:stone":3,"minecraft:bone_meal":3,"minecraft:cooked_mutton":24,"minecraft:glass_pane":16,"minecraft:glass":6,"marbledsarsenal:cm7m_gas_mask":1,"minecraft:stone_pickaxe":3,"minecraft:chest":2,"marbledsapi:steel_ingot":34,"marbledsarsenal:helmet_cm6m_gas_mask":1,"minecraft:cooked_beef":5,"marbledsarsenal:hazmat_armor_chestplate":1,"pointblank:printer":1,"marbledsapi:steel_sheet":24,"pointblank:gunmetal_mesh":40,"minecraft:cooked_porkchop":11,"minecraft:crafting_table":1,"pointblank:gunmetal_ingot":45,"minecraft:spruce_planks":76,"pointblank:processor":1,"minecraft:iron_sword":1,"better_mob_food:cooked_flesh":18,"marbledsarsenal:helmet_cm8m_gas_mask":1,"minecraft:clock":1,"tacz:gun_smith_table":1,"minecraft:copper_ingot":176,"minecraft:bucket":2,"minecraft:birch_planks":16,"minecraft:campfire":1,"minecraft:stone_axe":1,"minecraft:air":0,"marbledsarsenal:helmet_cm7m_gas_mask":1,"marbledsapi:raw_steel":34,"minecraft:charcoal":2,"minecraft:golden_apple":3,"minecraft:stick":20,"minecraft:iron_ingot":196,"minecraft:iron_pickaxe":3,"minecraft:wooden_axe":1,"minecraft:iron_block":1,"minecraft:stone_sword":2,"minecraft:gold_ingot":28,"minecraft:white_bed":4,"marbledsarsenal:gas_mask_filter":4,"minecraft:shears":1,"marbledsarsenal:cm8m_gas_mask":1,"marbledsarsenal:combat_helmet":3},"minecraft:killed_by":{"minecraft:player":2,"minecraft:zombie":2},"minecraft:custom":{"minecraft:mob_kills":89,"minecraft:interact_with_crafting_table":70,"minecraft:interact_with_campfire":2,"minecraft:damage_dealt_resisted":122,"minecraft:time_since_death":111822,"minecraft:sprint_one_cm":345887,"minecraft:walk_one_cm":621352,"minecraft:drop":34,"minecraft:play_time":226100,"minecraft:deaths":5,"minecraft:sneak_time":5569,"minecraft:walk_under_water_one_cm":9888,"minecraft:jump":2227,"minecraft:interact_with_blast_furnace":67,"minecraft:walk_on_water_one_cm":37516,"minecraft:total_world_time":226100,"minecraft:interact_with_furnace":133,"minecraft:sleep_in_bed":4,"minecraft:time_since_rest":36694,"minecraft:damage_taken":2652,"minecraft:damage_dealt":10362,"minecraft:fly_one_cm":323196,"minecraft:swim_one_cm":8172,"minecraft:player_kills":9,"minecraft:open_chest":216,"minecraft:crouch_one_cm":11171,"minecraft:fall_one_cm":41274},"minecraft:killed":{"hordes:zombie_player":8,"minecraft:chicken":1,"minecraft:pig":3,"minecraft:zombie_villager":2,"minecraft:sheep":10,"minecraft:zombie":62,"alexsmobs:fly":1,"minecraft:cow":1}},"DataVersion":3465}