{"stats":{"minecraft:used":{"minecraft:stone_sword":130,"tacz:gun_smith_table":3,"minecraft:chest":1,"minecraft:cooked_chicken":3,"marbledsarsenal:cm7m_gas_mask":1,"minecraft:dirt":8,"minecraft:wooden_axe":7,"alexsmobs:maggot":1,"marbledsarsenal:police_baton":16,"better_mob_food:cooked_flesh":6,"minecraft:cooked_mutton":7,"minecraft:stone_pickaxe":241,"pointblank:printer":1,"minecraft:crafting_table":1,"minecraft:blast_furnace":1,"minecraft:white_bed":3,"minecraft:shears":7,"minecraft:birch_slab":9,"minecraft:bread":7,"minecraft:iron_pickaxe":258,"minecraft:wooden_sword":46,"minecraft:cobblestone":55},"minecraft:mined":{"create:zinc_ore":1,"minecraft:large_amethyst_bud":3,"minecraft:deepslate_diamond_ore":15,"projectvibrantjourneys:rocks":2,"psg:sulphur_ore":13,"minecraft:grass_block":1,"minecraft:birch_slab":3,"minecraft:spruce_leaves":2,"tacz:gun_smith_table":2,"minecraft:iron_ore":53,"minecraft:andesite":36,"minecraft:moss_carpet":1,"minecraft:deepslate_lapis_ore":9,"create:asurine":12,"minecraft:deepslate_iron_ore":36,"minecraft:stripped_oak_log":3,"minecraft:stone":117,"projectvibrantjourneys:cattail":5,"minecraft:deepslate_redstone_ore":4,"minecraft:medium_amethyst_bud":1,"minecraft:amethyst_cluster":2,"psg:deepslate_sulphur_ore":7,"projectvibrantjourneys:mossy_rocks":3,"minecraft:tall_grass":2,"minecraft:copper_ore":13,"minecraft:cobblestone":29,"minecraft:deepslate_gold_ore":7,"minecraft:lily_pad":1,"minecraft:sugar_cane":3,"minecraft:amethyst_block":8,"minecraft:birch_log":7,"minecraft:spruce_log":19,"projectvibrantjourneys:bones":3,"k_turrets:titanium_ore":6,"minecraft:grass":11,"projectvibrantjourneys:spruce_hollow_log":1,"minecraft:coal_ore":73,"projectvibrantjourneys:short_grass":6,"minecraft:sand":8,"minecraft:dirt":26,"minecraft:smooth_basalt":1,"create:crimsite":1,"minecraft:oak_leaves":7,"minecraft:deepslate":18,"minecraft:fern":1},"minecraft:dropped":{"minecraft:iron_ingot":6,"minecraft:cobblestone":63,"projectvibrantjourneys:orange_bark_mushroom":2,"tacz:modern_kinetic_gun":1,"minecraft:iron_pickaxe":1,"minecraft:lily_pad":1,"minecraft:cooked_chicken":1,"minecraft:stone_sword":1,"minecraft:cooked_mutton":2,"marbledsarsenal:helmet_cm6m_gas_mask":1,"tacz:ammo":120,"projectvibrantjourneys:cattail":3,"minecraft:stone_pickaxe":1},"minecraft:picked_up":{"minecraft:wooden_axe":1,"minecraft:crafting_table":1,"minecraft:chicken":4,"minecraft:wooden_pickaxe":2,"minecraft:amethyst_block":8,"minecraft:string":5,"minecraft:moss_carpet":1,"minecraft:raw_copper":47,"minecraft:wooden_sword":1,"tacz:ammo":300,"minecraft:cobbled_deepslate":17,"minecraft:spruce_planks":6,"minecraft:beef":3,"minecraft:sugar_cane":7,"minecraft:stick":12,"minecraft:raw_iron":116,"marbledsarsenal:police_baton":2,"projectvibrantjourneys:bark_mushroom":1,"minecraft:porkchop":18,"pointblank:gunmetal_nugget":58,"psg:sulphur":95,"minecraft:redstone":19,"pointblank:ammo45acp":128,"pointblank:m1911a1":1,"minecraft:rotten_flesh":58,"k_turrets:raw_titanium":6,"create:asurine":12,"projectvibrantjourneys:cattail":3,"minecraft:mutton":31,"minecraft:white_wool":13,"minecraft:cobblestone":282,"minecraft:stripped_oak_log":3,"minecraft:birch_log":4,"minecraft:feather":1,"minecraft:birch_slab":3,"minecraft:andesite":36,"minecraft:brown_wool":1,"create:raw_zinc":1,"overworld_netherite_ore:ancientdebrispiece":2,"minecraft:lily_pad":1,"minecraft:gunpowder":7,"marbledsarsenal:cm6m_gas_mask":3,"minecraft:lapis_lazuli":58,"projectvibrantjourneys:spruce_hollow_log":1,"minecraft:dirt":30,"minecraft:leather_boots":2,"minecraft:bone":7,"minecraft:wheat_seeds":3,"minecraft:raw_gold":7,"minecraft:stone_pickaxe":2,"minecraft:cooked_chicken":3,"tacz:gun_smith_table":2,"minecraft:smooth_basalt":1,"psg:raw_potassium":4,"minecraft:sand":8,"minecraft:amethyst_shard":8,"minecraft:spruce_sapling":9,"overworld_netherite_ore:large_ancient_shard":1,"minecraft:spruce_log":30,"alexsmobs:animal_dictionary":2,"minecraft:spider_eye":1,"create:crimsite":1,"minecraft:diamond":15,"tacz:modern_kinetic_gun":3,"minecraft:bread":16,"alexsmobs:maggot":1,"projectvibrantjourneys:orange_bark_mushroom":4,"minecraft:black_wool":2,"minecraft:oak_leaves":7,"minecraft:coal":125},"minecraft:broken":{"minecraft:stone_sword":1,"minecraft:stone_pickaxe":2,"minecraft:iron_pickaxe":1},"minecraft:crafted":{"minecraft:oak_planks":16,"minecraft:smooth_stone":3,"minecraft:iron_nugget":9,"minecraft:cooked_chicken":3,"minecraft:birch_slab":6,"minecraft:furnace":1,"minecraft:blast_furnace":1,"minecraft:stone":3,"minecraft:cooked_mutton":19,"minecraft:glass_pane":16,"minecraft:glass":6,"marbledsarsenal:cm7m_gas_mask":1,"minecraft:stone_pickaxe":3,"minecraft:chest":1,"marbledsapi:steel_ingot":30,"marbledsarsenal:helmet_cm6m_gas_mask":1,"minecraft:cooked_beef":3,"pointblank:printer":1,"marbledsapi:steel_sheet":24,"pointblank:gunmetal_mesh":40,"minecraft:cooked_porkchop":11,"minecraft:crafting_table":1,"pointblank:gunmetal_ingot":45,"minecraft:spruce_planks":76,"pointblank:processor":1,"better_mob_food:cooked_flesh":18,"marbledsarsenal:helmet_cm8m_gas_mask":1,"tacz:gun_smith_table":1,"minecraft:copper_ingot":176,"minecraft:birch_planks":16,"minecraft:air":0,"marbledsarsenal:helmet_cm7m_gas_mask":1,"marbledsapi:raw_steel":30,"minecraft:stick":16,"minecraft:iron_ingot":196,"minecraft:iron_pickaxe":3,"minecraft:wooden_axe":1,"minecraft:iron_block":1,"minecraft:stone_sword":2,"minecraft:white_bed":4,"marbledsarsenal:gas_mask_filter":4,"minecraft:shears":1,"marbledsarsenal:cm8m_gas_mask":1,"marbledsarsenal:combat_helmet":3},"minecraft:killed_by":{"minecraft:player":2,"minecraft:zombie":2},"minecraft:custom":{"minecraft:mob_kills":70,"minecraft:interact_with_crafting_table":58,"minecraft:damage_dealt_resisted":122,"minecraft:time_since_death":63822,"minecraft:sprint_one_cm":271503,"minecraft:walk_one_cm":510723,"minecraft:drop":24,"minecraft:play_time":178100,"minecraft:deaths":5,"minecraft:sneak_time":5240,"minecraft:walk_under_water_one_cm":9888,"minecraft:jump":1888,"minecraft:interact_with_blast_furnace":63,"minecraft:walk_on_water_one_cm":37385,"minecraft:total_world_time":178100,"minecraft:interact_with_furnace":119,"minecraft:sleep_in_bed":3,"minecraft:time_since_rest":2648,"minecraft:damage_taken":2313,"minecraft:damage_dealt":8241,"minecraft:fly_one_cm":259893,"minecraft:swim_one_cm":8172,"minecraft:player_kills":7,"minecraft:open_chest":163,"minecraft:crouch_one_cm":8904,"minecraft:fall_one_cm":31986},"minecraft:killed":{"hordes:zombie_player":6,"minecraft:chicken":1,"minecraft:pig":3,"minecraft:zombie_villager":2,"minecraft:sheep":7,"minecraft:zombie":49,"alexsmobs:fly":1}},"DataVersion":3465}