{"stats":{"minecraft:crafted":{"minecraft:smooth_stone":3,"minecraft:oak_planks":352,"minecraft:cobblestone_slab":126,"marbledsarsenal:swat_armor_chestplate":3,"minecraft:cooked_chicken":3,"minecraft:birch_slab":6,"minecraft:stone":3,"minecraft:bookshelf":21,"minecraft:cooked_mutton":33,"minecraft:glass":6,"max_armory:rod":2,"psg:potassium":31,"minecraft:chest":14,"marbledsapi:steel_ingot":81,"minecraft:smoker":1,"pointblank:printer":1,"pointblank:gunmetal_mesh":40,"minecraft:cooked_porkchop":11,"minecraft:crafting_table":1,"minecraft:spruce_planks":76,"psg:saltpetre":62,"minecraft:clock":1,"minecraft:copper_ingot":386,"minecraft:birch_planks":16,"minecraft:campfire":1,"marbledsapi:raw_steel":81,"minecraft:tnt":6,"max_armory:diamond_katana":2,"minecraft:book":1,"minecraft:diamond_pickaxe":3,"minecraft:charcoal":2,"minecraft:stick":28,"minecraft:iron_ingot":349,"minecraft:iron_pickaxe":5,"minecraft:iron_block":1,"minecraft:stone_sword":2,"minecraft:gold_ingot":89,"marbledsarsenal:gas_mask_filter":4,"minecraft:shears":1,"marbledsarsenal:combat_helmet":3,"marbledsarsenal:swat_armor_leggings":3,"minecraft:raw_iron":9,"minecraft:iron_nugget":108,"minecraft:furnace":2,"minecraft:blast_furnace":1,"minecraft:bone_meal":87,"minecraft:glass_pane":16,"marbledsarsenal:swat_armor_boots":3,"minecraft:iron_axe":2,"marbledsarsenal:cm7m_gas_mask":1,"minecraft:stone_pickaxe":3,"marbledsarsenal:helmet_cm6m_gas_mask":1,"minecraft:wheat":378,"minecraft:cooked_beef":30,"marbledsarsenal:hazmat_armor_chestplate":1,"marbledsapi:steel_sheet":28,"max_armory:diamond_halberd":2,"max_armory:handle":8,"pointblank:gunmetal_ingot":86,"pointblank:processor":1,"minecraft:enchanting_table":1,"minecraft:iron_sword":1,"better_mob_food:cooked_flesh":18,"marbledsarsenal:helmet_cm8m_gas_mask":1,"tacz:gun_smith_table":1,"minecraft:cooked_salmon":2,"minecraft:bucket":2,"minecraft:stone_axe":1,"minecraft:bread":124,"minecraft:air":0,"marbledsarsenal:helmet_cm7m_gas_mask":1,"minecraft:blue_dye":10,"minecraft:golden_apple":7,"minecraft:raw_gold":18,"minecraft:gunpowder":147,"minecraft:wooden_axe":1,"minecraft:white_bed":4,"marbledsarsenal:cm8m_gas_mask":1},"minecraft:used":{"minecraft:chest":21,"minecraft:iron_sword":205,"minecraft:carrot":14,"minecraft:tuff":1,"minecraft:milk_bucket":1,"marbledsarsenal:swat_armor_chestplate":1,"marbledsarsenal:police_baton":16,"pointblank:workstation":1,"minecraft:sweet_berries":27,"minecraft:egg":6,"minecraft:stone_pickaxe":366,"minecraft:golden_apple":3,"minecraft:blast_furnace":3,"minecraft:shears":7,"minecraft:birch_slab":11,"minecraft:bread":11,"minecraft:wooden_sword":46,"minecraft:andesite":3,"max_armory:diamond_halberd":24,"minecraft:enchanting_table":2,"minecraft:stone_sword":130,"tacz:gun_smith_table":3,"minecraft:cooked_chicken":3,"marbledsarsenal:cm7m_gas_mask":1,"minecraft:dirt":20,"minecraft:wooden_axe":7,"alexsmobs:maggot":1,"minecraft:bookshelf":15,"minecraft:iron_axe":51,"better_mob_food:cooked_flesh":6,"minecraft:cooked_beef":15,"minecraft:cobbled_deepslate":5,"minecraft:wheat_seeds":13,"minecraft:cooked_mutton":15,"minecraft:water_bucket":5,"pointblank:printer":2,"marbledsarsenal:swat_armor_boots":1,"minecraft:cobblestone_slab":40,"minecraft:crafting_table":2,"minecraft:white_bed":3,"minecraft:campfire":1,"minecraft:smoker":1,"minecraft:oak_log":7,"minecraft:diamond_pickaxe":321,"minecraft:iron_pickaxe":791,"minecraft:stone_axe":34,"minecraft:cobblestone":212,"minecraft:cobbled_deepslate_slab":2,"minecraft:cooked_porkchop":3,"max_armory:diamond_katana":191,"minecraft:bucket":6},"minecraft:killed_by":{"minecraft:zombie":2,"minecraft:player":2},"minecraft:dropped":{"minecraft:moss_block":4,"minecraft:cooked_beef":12,"minecraft:diamond":2,"minecraft:cooked_porkchop":4,"marbledsarsenal:hazmat_armor_chestplate":1,"marbledsarsenal:swat_armor_boots":2,"marbledsarsenal:helmet_cm8m_gas_mask":1,"projectvibrantjourneys:orange_bark_mushroom":4,"minecraft:dirt":22,"minecraft:iron_pickaxe":1,"minecraft:cooked_chicken":1,"minecraft:cobbled_deepslate":6,"minecraft:rotten_flesh":3,"minecraft:cooked_mutton":4,"max_armory:diamond_halberd":1,"projectvibrantjourneys:cattail":3,"pointblank:grenade40mm":4,"minecraft:bread":1,"minecraft:iron_ingot":6,"minecraft:wheat_seeds":1,"minecraft:clock":1,"minecraft:cobblestone":63,"minecraft:golden_apple":4,"minecraft:stick":8,"minecraft:milk_bucket":1,"tacz:modern_kinetic_gun":5,"minecraft:iron_axe":1,"minecraft:lily_pad":1,"create:raw_zinc":1,"pointblank:ammo45acp":48,"minecraft:sweet_berries":16,"minecraft:stone_sword":1,"marbledsarsenal:swat_armor_chestplate":2,"minecraft:smooth_stone_slab":1,"marbledsarsenal:swat_armor_leggings":2,"minecraft:raw_iron":6,"minecraft:clay_ball":12,"pointblank:gunmetal_nugget":27,"max_armory:diamond_katana":2,"minecraft:diamond_pickaxe":1,"minecraft:andesite":6,"minecraft:oak_sapling":1,"marbledsarsenal:helmet_cm6m_gas_mask":1,"tacz:ammo":1088,"minecraft:stone_pickaxe":1},"minecraft:custom":{"minecraft:animals_bred":4,"minecraft:interact_with_crafting_table":154,"minecraft:open_barrel":16,"minecraft:leave_game":3,"minecraft:time_since_death":444090,"minecraft:sprint_one_cm":943982,"minecraft:drop":143,"minecraft:talked_to_villager":4,"minecraft:play_time":558368,"minecraft:deaths":5,"minecraft:jump":5174,"minecraft:walk_on_water_one_cm":55976,"minecraft:enchant_item":4,"minecraft:interact_with_furnace":245,"minecraft:sleep_in_bed":13,"minecraft:damage_dealt":26855,"minecraft:player_kills":9,"minecraft:crouch_one_cm":40199,"minecraft:interact_with_smoker":7,"minecraft:mob_kills":249,"minecraft:interact_with_campfire":2,"minecraft:damage_dealt_resisted":577,"minecraft:climb_one_cm":5589,"minecraft:walk_one_cm":1957401,"minecraft:sneak_time":14837,"minecraft:walk_under_water_one_cm":21700,"minecraft:interact_with_blast_furnace":198,"minecraft:total_world_time":558368,"minecraft:time_since_rest":11093,"minecraft:damage_taken":3868,"minecraft:damage_absorbed":60,"minecraft:swim_one_cm":18274,"minecraft:fly_one_cm":724820,"minecraft:open_chest":695,"minecraft:fall_one_cm":89743},"minecraft:picked_up":{"minecraft:wooden_axe":1,"minecraft:iron_chestplate":1,"minecraft:wheat":5,"minecraft:stone_slab":3,"minecraft:lead":13,"minecraft:amethyst_block":8,"minecraft:string":13,"minecraft:raw_copper":47,"minecraft:smooth_stone_slab":2,"minecraft:iron_leggings":1,"minecraft:cobbled_deepslate":52,"minecraft:bucket":1,"minecraft:spruce_planks":7,"minecraft:cobblestone_slab":2,"marbledsarsenal:hazmat_armor_chestplate":1,"minecraft:iron_pickaxe":1,"pointblank:workstation":1,"minecraft:iron_boots":1,"minecraft:stick":25,"marbledsarsenal:police_baton":2,"minecraft:torch":1,"minecraft:porkchop":18,"psg:sulphur":137,"marbledsapi:rubber":2,"pointblank:ammo45acp":229,"pointblank:m1911a1":1,"minecraft:rotten_flesh":282,"create:asurine":12,"projectvibrantjourneys:cattail":3,"minecraft:obsidian":6,"minecraft:cobblestone":616,"minecraft:birch_log":4,"minecraft:enchanting_table":1,"minecraft:feather":1,"minecraft:cooked_beef":4,"minecraft:birch_slab":5,"minecraft:andesite":51,"minecraft:brown_wool":1,"minecraft:potato":9,"minecraft:tuff":4,"create:raw_zinc":3,"max_armory:diamond_katana":1,"minecraft:lapis_lazuli":120,"minecraft:dirt":31,"minecraft:leather_boots":3,"minecraft:bone":75,"minecraft:wheat_seeds":41,"minecraft:raw_gold":45,"minecraft:cobbled_deepslate_slab":4,"tacz:gun_smith_table":2,"minecraft:moss_block":4,"minecraft:oak_planks":29,"psg:raw_potassium":77,"minecraft:sand":36,"overworld_netherite_ore:large_ancient_shard":1,"minecraft:jungle_slab":1,"alexsmobs:animal_dictionary":2,"create:crimsite":1,"minecraft:diamond":35,"minecraft:bread":17,"alexsmobs:maggot":6,"minecraft:oak_sapling":10,"minecraft:oak_leaves":7,"minecraft:diamond_pickaxe":2,"minecraft:charcoal":2,"minecraft:crafting_table":3,"minecraft:chicken":5,"minecraft:clay_ball":12,"minecraft:brown_mushroom":1,"ecologics:seashell":1,"minecraft:wooden_pickaxe":2,"minecraft:moss_carpet":1,"minecraft:wooden_sword":1,"tacz:ammo":1771,"minecraft:iron_shovel":1,"minecraft:beef":13,"minecraft:sugar_cane":7,"minecraft:chest":7,"minecraft:diamond_hoe":1,"minecraft:phantom_membrane":3,"minecraft:egg":5,"minecraft:raw_iron":335,"projectvibrantjourneys:bark_mushroom":3,"minecraft:copper_ingot":47,"minecraft:spruce_fence":1,"pointblank:gunmetal_nugget":239,"minecraft:carrot":21,"minecraft:redstone":19,"minecraft:beetroot_seeds":3,"k_turrets:raw_titanium":8,"minecraft:hay_block":53,"minecraft:mutton":46,"minecraft:white_wool":41,"minecraft:stripped_oak_log":7,"minecraft:salmon":2,"dweller_dweller:dweller_dweller_tooth":1,"minecraft:leather":6,"minecraft:red_mushroom":1,"minecraft:oak_log":142,"overworld_netherite_ore:ancientdebrispiece":4,"minecraft:lily_pad":1,"minecraft:gunpowder":41,"marbledsarsenal:cm6m_gas_mask":3,"projectvibrantjourneys:spruce_hollow_log":1,"minecraft:apple":4,"alexsmobs:cockroach_wing_fragment":1,"minecraft:iron_ingot":11,"minecraft:stone_pickaxe":4,"minecraft:cooked_chicken":3,"minecraft:book":65,"minecraft:smooth_basalt":1,"minecraft:pumpkin":5,"minecraft:sweet_berries":32,"minecraft:raw_iron_block":1,"minecraft:amethyst_shard":8,"minecraft:spruce_sapling":9,"minecraft:blast_furnace":2,"minecraft:spruce_log":30,"pointblank:printer":1,"minecraft:spider_eye":11,"minecraft:slime_ball":13,"minecraft:stone_axe":1,"tacz:modern_kinetic_gun":11,"minecraft:iron_helmet":1,"projectvibrantjourneys:orange_bark_mushroom":7,"minecraft:black_wool":2,"minecraft:coal":614,"minecraft:ender_pearl":4},"minecraft:broken":{"minecraft:stone_pickaxe":2,"minecraft:stone_sword":1,"minecraft:iron_pickaxe":2},"minecraft:mined":{"minecraft:large_amethyst_bud":3,"create:deepslate_zinc_ore":1,"minecraft:spruce_planks":1,"minecraft:jungle_slab":1,"minecraft:obsidian":6,"minecraft:grass_block":2,"tacz:gun_smith_table":2,"minecraft:spawner":1,"minecraft:raw_iron_block":1,"minecraft:iron_ore":125,"minecraft:cobbled_deepslate":5,"minecraft:pumpkin":7,"minecraft:moss_carpet":1,"minecraft:deepslate_lapis_ore":12,"minecraft:enchanting_table":1,"create:asurine":12,"projectvibrantjourneys:cattail":5,"minecraft:deepslate_redstone_ore":4,"minecraft:brown_mushroom":1,"minecraft:medium_amethyst_bud":1,"minecraft:amethyst_cluster":2,"projectvibrantjourneys:twigs":1,"minecraft:blast_furnace":2,"minecraft:chest":8,"projectvibrantjourneys:natural_cobweb":1,"minecraft:cobblestone":93,"minecraft:sugar_cane":3,"minecraft:wall_torch":1,"minecraft:amethyst_block":8,"minecraft:seagrass":2,"minecraft:birch_log":7,"minecraft:wheat":21,"projectvibrantjourneys:bones":35,"minecraft:smooth_stone_slab":2,"minecraft:grass":79,"minecraft:oak_log":66,"projectvibrantjourneys:short_grass":34,"minecraft:beetroots":3,"minecraft:sand":36,"minecraft:dirt":26,"minecraft:smooth_basalt":1,"create:crimsite":1,"minecraft:oak_leaves":29,"minecraft:deepslate":46,"create:zinc_ore":1,"minecraft:tuff":5,"minecraft:deepslate_diamond_ore":33,"projectvibrantjourneys:rocks":6,"psg:sulphur_ore":13,"minecraft:cobbled_deepslate_slab":4,"minecraft:spruce_fence":1,"minecraft:birch_slab":4,"minecraft:spruce_leaves":2,"minecraft:moss_block":4,"minecraft:red_mushroom":1,"minecraft:hay_block":21,"minecraft:carrots":18,"minecraft:andesite":48,"minecraft:bookshelf":7,"minecraft:potatoes":9,"minecraft:cobblestone_slab":2,"minecraft:deepslate_iron_ore":124,"minecraft:stripped_oak_log":7,"minecraft:stone":369,"psg:potassium_ore":37,"minecraft:stripped_dark_oak_log":4,"psg:deepslate_sulphur_ore":20,"minecraft:crafting_table":2,"projectvibrantjourneys:mossy_rocks":3,"minecraft:campfire":1,"minecraft:stone_slab":2,"minecraft:tall_grass":9,"minecraft:copper_ore":13,"minecraft:deepslate_coal_ore":3,"minecraft:lapis_ore":4,"minecraft:deepslate_gold_ore":41,"minecraft:lily_pad":1,"minecraft:spruce_stairs":1,"k_turrets:deepslate_titanium_ore":1,"minecraft:sweet_berry_bush":13,"minecraft:spruce_log":19,"k_turrets:titanium_ore":7,"projectvibrantjourneys:spruce_hollow_log":1,"minecraft:coal_ore":336,"overworld_netherite_ore:ancient_debris_ore":1,"pointblank:workstation":1,"pointblank:printer":1,"minecraft:fern":6},"minecraft:killed":{"minecraft:zombie_horse":3,"minecraft:chicken":1,"minecraft:pig":3,"minecraft:zombie_villager":5,"minecraft:sheep":18,"minecraft:zombie":200,"alexsmobs:fly":3,"minecraft:cow":1,"hordes:zombie_player":8,"dweller_dweller:dweller_dweller":1,"minecraft:drowned":2,"alexsmobs:gelada_monkey":1,"alexsmobs:crocodile":1,"alexsmobs:cockroach":1}},"DataVersion":3465}